{"000000.jpg": ["boat", "city", "city skyline", "city view", "night view", "sea", "sky", "skyline", "sun", "sunset", "water"], "000003.jpg": ["city", "city skyline", "city view", "night", "night view", "sea", "sky", "skyline", "sunset", "water"], "000006.jpg": ["building", "city", "city skyline", "city view", "image", "sky", "skyline", "urban", "water"], "000007.jpg": ["city", "city skyline", "city view", "image", "water"], "000032.jpg": ["brand", "city", "city skyline", "city view", "logo"], "000058.jpg": ["basketball hoop", "floor", "stop sign", "video"], "000059.jpg": ["floor", "stop sign", "video"], "000191.jpg": ["electronic", "footstall", "person", "man", "screen", "stand", "stool", "television", "woman"], "000323.jpg": ["chair", "city view", "person", "man", "screen", "stand", "stool", "television", "woman"], "000324.jpg": ["computer screen", "disco ball", "image", "pole", "red", "sphere", "dot"], "000350.jpg": ["attach", "blood", "pole", "red", "snowboarder"], "000376.jpg": ["brand", "number", "logo", "red"], "000377.jpg": ["building", "car", "city", "city street", "intersection", "road", "street scene", "urban", "video"], "000394.jpg": ["building", "car", "city", "image", "road", "video"], "000411.jpg": ["building", "city", "image", "road", "video"], "000412.jpg": ["clock", "bell tower", "building", "plaza", "tower", "mall", "town square", "video"], "000427.jpg": ["clock", "bell tower", "building", "tower", "mall"], "000443.jpg": ["clock", "bell tower", "building", "plaza", "tower", "mall"], "000444.jpg": ["building", "car", "image", "road", "video"], "000458.jpg": ["building", "car", "image", "red", "road", "video"], "000473.jpg": ["building", "car", "image", "red", "road", "video"], "000474.jpg": ["atrium", "building", "pillar", "hall", "image", "stage", "stair", "video"], "000488.jpg": ["building", "pillar", "concert hall", "hall", "image", "stage", "theater", "video"], "000503.jpg": ["atrium", "building", "pillar", "concert hall", "hall", "image", "stage", "video"], "000504.jpg": ["building", "city", "city skyline", "city view", "floor", "peak", "tower", "rise building", "sky", "skyline", "skyscraper", "urban"], "000520.jpg": ["building", "city", "city skyline", "city view", "image", "skyscraper", "video"], "000537.jpg": ["building", "city", "city skyline", "city view", "image", "skyscraper", "video"], "000538.jpg": ["department store", "escalator", "person", "man", "retail", "shopper", "mall", "store", "video"], "000553.jpg": ["atrium", "pillar", "department store", "escalator", "floor", "person", "retail", "shopper", "mall", "store", "video"], "000568.jpg": ["department store", "escalator", "person", "retail", "shopper", "mall", "stair", "store", "video", "walk", "woman"], "000569.jpg": ["boutique", "clothe", "clothing", "clothing store", "department store", "person", "retail", "shopper", "mall", "store", "video"], "000584.jpg": ["boutique", "clothe", "clothing", "clothing store", "department store", "retail", "shopper", "mall", "store", "video"], "000600.jpg": ["boutique", "clothe", "clothing", "clothing store", "department store", "retail", "shopper", "mall", "store", "video"], "000601.jpg": ["atrium", "pillar", "department store", "escalator", "person", "retail", "shopper", "mall", "store"], "000614.jpg": ["atrium", "pillar", "department store", "escalator", "person", "retail", "shopper", "mall", "store"], "000627.jpg": ["atrium", "pillar", "department store", "escalator", "food court", "person", "retail", "shopper", "mall", "store"], "000628.jpg": ["business suit", "face", "person", "image", "leader", "man", "photo", "tie", "video"], "000657.jpg": ["face", "person", "image", "leader", "man", "news", "photo", "video"], "000687.jpg": ["face", "person", "image", "leader", "man", "news", "photo", "video"], "000688.jpg": ["crowd", "crowded", "person", "moped", "motorbike", "motorcycle", "motorcyclist", "scooter", "stand", "video", "wear"], "000704.jpg": ["crowd", "crowded", "person", "moped", "motorbike", "motorcycle", "motorcyclist", "scooter", "stand", "video"], "000720.jpg": ["crowd", "crowded", "person", "moped", "motorbike", "motorcycle", "motorcyclist", "scooter", "stand", "video"], "000721.jpg": ["news", "scoreboard", "screen"], "000735.jpg": ["building", "sign"], "000749.jpg": ["building", "pillar", "news", "scoreboard", "screen"], "000750.jpg": ["flag", "pole", "red"], "000776.jpg": ["brand", "number", "logo", "pole", "red", "road sign", "sign", "stop sign", "street sign", "traffic sign"], "000802.jpg": ["brand", "number", "logo", "red"], "000803.jpg": ["chair", "person", "man", "screen", "stand", "stool", "television", "woman"], "001035.jpg": ["business suit", "catch", "city", "city view", "couple", "person", "man", "news", "stand", "tie", "video", "woman"], "001268.jpg": ["business suit", "city", "city view", "couple", "flight attendant", "person", "man", "news", "stand", "tie", "video", "woman"], "001269.jpg": ["building", "car", "city", "intersection", "road", "street scene", "urban", "video"], "001334.jpg": ["building", "car", "city", "city street", "intersection", "road", "street scene", "urban", "video"], "001400.jpg": ["building", "city", "road", "video"], "001401.jpg": ["clock", "bell tower", "building", "city", "motorcycle", "plaza", "tower", "mall", "street scene", "town square"], "001430.jpg": ["clock", "bell tower", "building", "city", "motorcycle", "tower", "mall"], "001459.jpg": ["clock", "bell tower", "building", "motorcycle", "tower", "mall"], "001460.jpg": ["building", "city", "person", "plaza", "mall", "video"], "001476.jpg": ["building", "city", "plaza", "mall"], "001493.jpg": ["building", "car", "city", "convertible", "person", "road", "mall", "street scene", "theater"], "001494.jpg": ["clock", "building", "pillar", "courthouse", "white"], "001527.jpg": ["clock", "building", "pillar", "courthouse"], "001561.jpg": ["clock", "building", "pillar", "courthouse", "white"], "001562.jpg": ["angel", "archway", "clock", "shield", "building", "pillar", "deity", "peak", "sculpture", "spire", "statue", "wing"], "001584.jpg": ["angel", "archway", "clock", "shield", "building", "pillar", "deity", "peak", "sculpture", "statue", "wing"], "001607.jpg": ["angel", "archway", "clock", "shield", "building", "pillar", "deity", "peak", "sculpture", "spire", "statue", "wing"], "001608.jpg": ["clock", "building", "pillar", "ledge", "pigeon"], "001642.jpg": ["clock", "building", "pillar", "ledge"], "001676.jpg": ["clock", "building", "pillar"], "001677.jpg": ["archway", "balustrade", "building", "ceiling", "pillar", "crack", "damage", "pigeon", "rail", "video"], "001711.jpg": ["archway", "balustrade", "beam", "building", "ceiling", "pillar", "video"], "001745.jpg": ["balustrade", "beam", "building", "ceiling", "pillar", "crack", "damage", "rail", "video"], "001746.jpg": ["arch", "archway", "building", "pillar", "damage", "doorway", "video"], "001779.jpg": ["arch", "archway", "building", "pillar", "damage", "doorway", "video"], "001812.jpg": ["arch", "archway", "building", "pillar", "doorway", "image"], "001813.jpg": ["aisle", "crowded", "person", "man", "market", "retail", "shopper", "mall", "store", "walk"], "001837.jpg": ["aisle", "crowded", "person", "man", "market", "retail", "shopper", "mall", "store", "walk"], "001862.jpg": ["aisle", "crowded", "person", "market", "retail", "shopper", "mall", "store", "walk"], "001863.jpg": ["alley", "beam", "building", "ceiling", "damage", "debris", "floor", "power line", "repair", "video", "warehouse", "wire"], "001898.jpg": ["alley", "beam", "building", "cable", "ceiling", "damage", "floor", "pole", "power line", "repair", "warehouse", "wire"], "001934.jpg": ["alley", "beam", "building", "cable", "ceiling", "damage", "floor", "pole", "power line", "repair", "warehouse", "wire"], "001935.jpg": ["building", "ceiling", "crack", "damage", "peel", "repair", "yellow"], "001959.jpg": ["building", "ceiling", "crack", "damage", "peel", "repair", "yellow"], "001983.jpg": ["building", "ceiling", "crack", "damage", "repair", "yellow"], "001984.jpg": ["basement", "beam", "building", "ceiling", "pillar", "damage", "floor", "parking garage", "repair", "room"], "002029.jpg": ["basement", "beam", "ceiling", "damage", "debris", "floor", "hole", "repair", "room"], "002075.jpg": ["basement", "beam", "ceiling", "damage", "floor", "repair"], "002076.jpg": ["basement", "damage", "debris", "floor", "log", "rubble", "video"], "002095.jpg": ["basement", "damage", "debris", "floor", "log", "man", "rubble", "video"], "002115.jpg": ["damage", "debris", "floor", "log", "man", "oven", "rubble", "video"], "002116.jpg": ["basement", "beam", "brick", "ceiling", "damage", "floor", "mold", "repair"], "002131.jpg": ["basement", "beam", "ceiling", "damage", "debris", "floor", "mold", "repair"], "002146.jpg": ["basement", "beam", "ceiling", "damage", "debris", "floor", "mold", "repair", "room"], "002147.jpg": ["person", "man", "news", "plant", "shirt", "video"], "002190.jpg": ["face", "person", "man", "news", "plant", "shirt", "video", "white"], "002234.jpg": ["catch", "person", "man", "news", "plant", "shirt", "video"], "002235.jpg": ["crack", "crayon", "draw", "eraser", "hole", "peel", "pen", "pencil", "plaster", "repair", "tear"], "002252.jpg": ["crack", "crayon", "eraser", "hole", "mark", "peel", "pen", "pencil", "tear"], "002269.jpg": ["crack", "crayon", "hole", "peel", "pen", "pencil", "tear"], "002270.jpg": ["person", "man", "news", "plant", "shirt", "smile", "video"], "002312.jpg": ["dress shirt", "person", "man", "news", "plant", "shirt", "video"], "002354.jpg": ["person", "man", "news", "plant", "stone", "shirt", "smile", "video"], "002355.jpg": ["building", "car", "city street", "drive", "park", "road", "street scene", "vehicle"], "002385.jpg": ["building", "car", "drive", "park", "road", "street scene", "vehicle"], "002416.jpg": ["building", "car", "park", "road", "street scene", "vehicle", "video"], "002417.jpg": ["building", "pillar", "man", "video"], "002447.jpg": ["building", "pillar", "video"], "002477.jpg": ["building", "pillar", "man", "video"], "002478.jpg": ["atrium", "building", "pillar", "concert hall", "hall", "stage", "theater"], "002562.jpg": ["archway", "beam", "building", "ceiling", "pillar", "hall", "light", "hallway", "room", "video"], "002647.jpg": ["lamp", "ceiling", "dome", "light"], "002648.jpg": ["car", "city", "city street", "drive", "person", "intersection", "motorbike", "motorcycle", "motorcyclist", "ride", "road", "scooter", "street scene"], "002659.jpg": ["car", "city", "drive", "person", "intersection", "moped", "motorbike", "motorcycle", "motorcyclist", "ride", "road", "scooter", "street scene"], "002670.jpg": ["car", "city", "city street", "drive", "person", "intersection", "moped", "motorbike", "motorcycle", "motorcyclist", "ride", "road", "scooter", "street scene"], "002671.jpg": ["clock", "bell tower", "building", "city", "flag", "person", "motorcycle", "plaza", "tower", "ride", "mall", "street scene", "walk"], "002712.jpg": ["clock", "bell tower", "building", "city", "flag", "person", "plaza", "tower", "mall", "street scene", "town square", "walk"], "002753.jpg": ["clock", "bell tower", "building", "city", "city square", "flag", "person", "plaza", "tower", "mall", "town square", "walk"], "002754.jpg": ["beam", "ceiling", "clothe", "clothing", "clothing store", "pillar", "crowded", "person", "market", "retail", "shopper", "mall", "store", "walk"], "002766.jpg": ["ceiling", "clothe", "clothing", "clothing store", "pillar", "crowded", "person", "market", "retail", "shopper", "mall", "store", "walk"], "002779.jpg": ["beam", "ceiling", "clothe", "clothing", "clothing store", "pillar", "person", "market", "retail", "shopper", "mall", "stand", "store", "walk"], "002780.jpg": ["blue", "folder", "business suit", "city skyline", "city view", "dress", "interview", "news", "stand", "video", "woman"], "002988.jpg": ["blue", "folder", "business suit", "catch", "interview", "news", "stand", "video", "woman"], "003197.jpg": ["blue", "folder", "business suit", "city skyline", "city view", "interview", "news", "stand", "video", "woman"], "003198.jpg": ["building", "city", "city skyline", "city view", "tower", "rise building", "sky", "skyline", "skyscraper", "urban"], "003222.jpg": ["building", "city", "city skyline", "city view", "tower", "rise building", "sky", "skyline", "skyscraper", "urban"], "003246.jpg": ["building", "city", "city skyline", "city view", "tower", "rise building", "sky", "skyline", "skyscraper", "urban"], "003247.jpg": ["atrium", "department store", "escalator", "person", "man", "retail", "shopper", "mall", "store", "video"], "003303.jpg": ["department store", "escalator", "go", "person", "retail", "ride", "shopper", "mall", "stair", "store", "video", "walk", "woman"], "003359.jpg": ["department store", "escalator", "person", "man", "ride", "shopper", "mall", "stair", "stand", "store", "video", "walk", "woman"], "003360.jpg": ["clothing store", "department store", "person", "man", "retail", "shopper", "shopping", "mall", "stand", "store", "video", "walk", "woman"], "003388.jpg": ["clothing store", "department store", "person", "man", "retail", "shopper", "shopping bag", "mall", "store", "video", "walk", "wear"], "003417.jpg": ["boutique", "clothing store", "department store", "person", "man", "retail", "shopper", "mall", "store", "walk", "woman"], "003418.jpg": ["boutique", "clothe", "clothing", "clothing store", "dress", "girl", "pink", "retail", "shelf", "shopper", "mall", "store", "video", "woman"], "003446.jpg": ["boutique", "clothe", "clothing", "clothing store", "dress", "girl", "pink", "retail", "shelf", "shirt", "shopper", "mall", "store", "woman"], "003475.jpg": ["boutique", "clothe", "clothing", "clothing store", "dress", "girl", "pink", "retail", "shelf", "shirt", "shopper", "mall", "stand", "store", "video", "woman"], "003476.jpg": ["boutique", "clothe", "clothing", "clothing store", "pillar", "department store", "retail", "shopper", "mall", "stand", "store", "woman"], "003501.jpg": ["boutique", "clothe", "clothing", "clothing store", "pillar", "department store", "retail", "shopper", "mall", "stand", "store", "woman"], "003527.jpg": ["boutique", "clothe", "clothing", "clothing store", "pillar", "department store", "retail", "shop window", "shopper", "mall", "stand", "store", "woman"], "003528.jpg": ["atrium", "pillar", "department store", "escalator", "food court", "person", "retail", "shopper", "mall", "store"], "003560.jpg": ["atrium", "pillar", "crowded", "department store", "escalator", "food court", "person", "retail", "shopper", "mall", "store"], "003592.jpg": ["atrium", "pillar", "department store", "escalator", "food court", "person", "retail", "shopper", "mall", "store"], "003593.jpg": ["table", "dinning table", "family", "food", "person", "man", "sit", "video", "woman"], "003629.jpg": ["table", "dinning table", "family", "food", "person", "man", "meal", "sit", "video", "woman"], "003665.jpg": ["table", "dinning table", "family", "food", "person", "man", "meal", "sit", "video", "woman"], "003666.jpg": ["pillar", "floor", "food court", "person", "mask", "retail", "shopper", "mall", "sit", "stool", "store", "wear"], "003722.jpg": ["chair", "pillar", "floor", "food court", "person", "shopper", "mall", "sit", "stool", "store", "video", "woman"], "003779.jpg": ["chair", "customer", "food court", "person", "man", "shopper", "mall", "sit", "stool", "store", "video"], "003780.jpg": ["pillar", "department store", "person", "retail", "school uniform", "shopper", "mall", "stand", "stool", "store"], "003813.jpg": ["pillar", "department store", "food court", "person", "student", "retail", "school uniform", "shopper", "mall", "stand", "stool", "store"], "003846.jpg": ["pillar", "department store", "person", "retail", "school uniform", "shopper", "mall", "stand", "stool", "store"], "003847.jpg": ["bakery", "bulletin board", "customer", "food", "food court", "person", "pastry", "shopper", "mall", "staff", "stand", "store", "woman"], "003852.jpg": ["bakery", "bulletin board", "customer", "food", "food court", "person", "shopper", "mall", "stand", "store", "woman"], "003858.jpg": ["bakery", "bulletin board", "customer", "food", "food court", "person", "shopper", "mall", "staff", "stand", "store", "woman"], "003859.jpg": ["business suit", "person", "interview", "lab coat", "man", "news", "office building", "sing", "video", "wear", "white"], "003998.jpg": ["business suit", "coat", "person", "interview", "lab coat", "man", "news", "tie", "video", "wear", "white"], "004138.jpg": ["business suit", "computer screen", "person", "interview", "lab coat", "man", "news", "stand", "video", "wear", "white", "woman"], "004139.jpg": ["check", "conversation", "person", "man", "mall", "stand", "video", "woman"], "004171.jpg": ["conversation", "person", "retail", "shopper", "mall", "stand", "woman"], "004204.jpg": ["person", "man", "shopper", "mall", "stand", "store", "video", "woman"], "004205.jpg": ["ceiling", "pillar", "customer", "department store", "person", "retail", "shopper", "mall", "stall", "store", "walk"], "004242.jpg": ["ceiling", "pillar", "department store", "person", "retail", "shopper", "mall", "store", "walk"], "004279.jpg": ["ceiling", "pillar", "department store", "person", "retail", "shopper", "mall", "store", "walk", "woman"], "004280.jpg": ["boutique", "clothing store", "cosmetic", "customer", "department store", "person", "man", "product", "retail", "shoe", "shoe shop", "shopper", "mall", "stand", "stool", "store"], "004312.jpg": ["boutique", "clothing store", "customer", "department store", "person", "man", "retail", "shoe", "shoe shop", "shopper", "mall", "stand", "stool", "store"], "004345.jpg": ["boutique", "clothing store", "department store", "person", "jewelry shop", "man", "retail", "shoe", "shoe shop", "shopper", "mall", "stand", "stool", "store"], "004346.jpg": ["pillar", "crowd", "crowded", "customer", "department store", "person", "retail", "shopper", "mall", "stand", "store", "walk"], "004385.jpg": ["pillar", "customer", "department store", "person", "queue", "retail", "shopper", "mall", "stand", "store"], "004424.jpg": ["pillar", "customer", "department store", "person", "retail", "shopper", "mall", "stand", "store", "walk"], "004425.jpg": ["department store", "person", "man", "retail", "shopper", "mall", "store", "video", "walk", "woman"], "004456.jpg": ["department store", "person", "man", "retail", "shopper", "mall", "store", "video", "walk", "wear", "woman"], "004488.jpg": ["check", "department store", "person", "man", "retail", "shopper", "shopping", "mall", "stand", "store", "video", "walk", "woman"], "004489.jpg": ["canteen", "pillar", "customer", "restaurant", "food", "food court", "person", "retail", "shopper", "mall", "stool", "store"], "004531.jpg": ["canteen", "pillar", "customer", "restaurant", "food", "food court", "person", "retail", "shopper", "mall", "stool", "store"], "004573.jpg": ["canteen", "ceiling", "pillar", "customer", "restaurant", "food", "food court", "person", "retail", "shopper", "mall", "stool", "store"], "004574.jpg": ["city", "city skyline", "city view", "dress shirt", "man", "news", "shirt", "stand", "tie", "video", "wear"], "004738.jpg": ["city", "city skyline", "city view", "dress shirt", "man", "news", "shirt", "stand", "tie", "video", "wear"], "004903.jpg": ["city", "city skyline", "city view", "dress shirt", "man", "news", "shirt", "stand", "tie", "video", "wear"], "004904.jpg": ["forest", "image", "tree", "video", "wood"], "005021.jpg": ["car", "image", "video"], "005139.jpg": ["area", "brush", "forest", "image", "tree", "video", "wood"], "005140.jpg": ["area", "brush", "forest", "image", "man", "tree", "video", "wood"], "005164.jpg": ["area", "brush", "forest", "image", "tree", "video", "wood"], "005189.jpg": ["area", "brush", "forest", "person", "image", "man", "tree", "video", "wood"], "005190.jpg": ["hut", "man", "tree", "video"], "005331.jpg": ["damage", "debris", "person", "image", "log", "man", "nest", "rubble", "stick", "tree", "twig", "video"], "005473.jpg": ["damage", "debris", "fall", "floor", "image", "log", "man", "pole", "red", "rubble", "tree", "video"], "005474.jpg": ["animal", "antler", "area", "deer", "fawn", "forest", "lush", "moose", "tree", "video", "wood"], "005658.jpg": ["animal", "antler", "area", "deer", "fawn", "forest", "hide", "image", "lush", "moose", "stand", "tree", "video", "wood"], "005843.jpg": ["man", "pole", "tree", "video"], "005844.jpg": ["animal", "bear cub", "brush", "cub", "hide", "image", "lush", "tree", "video"], "005875.jpg": ["animal", "flower", "image", "man", "stand", "tree", "video", "weed", "yellow"], "005907.jpg": ["animal", "fall", "image", "lush", "man", "tree", "video"], "005908.jpg": ["blue", "folder", "business suit", "catch", "interview", "news", "stand", "video", "woman"], "006054.jpg": ["blue", "folder", "business suit", "city view", "flight attendant", "interview", "news", "stand", "uniform", "video", "woman"], "006201.jpg": ["blue", "folder", "business suit", "city view", "dress", "interview", "news", "stand", "uniform", "video", "woman"], "006202.jpg": ["boat", "diver", "equipment", "person", "man", "night", "sea", "stand", "video", "woman"], "006377.jpg": ["boat", "person", "motorboat", "life jacket", "man", "sea", "stand", "video", "water", "woman"], "006553.jpg": ["boat", "person", "motorboat", "life jacket", "man", "night", "sea", "ride", "safety vest", "water", "woman"], "006554.jpg": ["black", "pillar", "dress", "girl", "person", "man", "sit", "swing", "video", "woman"], "006774.jpg": ["boat", "diver", "equipment", "girl", "person", "life jacket", "man", "raft", "swing", "video", "woman"], "006994.jpg": ["camouflage", "cloth", "equipment", "person", "loom", "man", "string", "textile", "tool", "video", "job"], "006996.jpg": ["cloth", "floor", "person", "loom", "man", "patient", "soldier", "stethoscope", "stretcher", "video"], "007054.jpg": ["army", "baby", "bed", "boy", "camouflage", "check", "child", "infant bed", "doctor", "floor", "hospital bed", "person", "lay", "man", "mat", "nurse", "patient", "soldier", "stethoscope", "uniform"], "007113.jpg": ["army", "bed", "boy", "camouflage", "check", "child", "doctor", "floor", "hospital bed", "person", "lay", "man", "nurse", "patient", "soldier", "stethoscope", "uniform", "woman"], "007114.jpg": ["computer screen", "image", "red"], "007152.jpg": ["image", "line", "red", "string"], "007191.jpg": ["line", "radio", "red", "text"], "007192.jpg": ["city", "city skyline", "city view", "dress shirt", "man", "news", "shirt", "stand", "tie", "video", "wear", "white"], "007360.jpg": ["city", "city skyline", "city view", "dress shirt", "man", "news", "shirt", "stand", "tie", "video", "wear"], "007528.jpg": ["city", "city skyline", "city view", "dress shirt", "man", "news", "shirt", "stand", "tie", "video", "wear"], "007529.jpg": ["arena", "construction site", "image", "photo", "stadium"], "007546.jpg": ["construction site", "image", "photo", "stadium"], "007564.jpg": ["construction site", "image", "photo", "stadium", "subway", "tunnel"], "007565.jpg": ["city", "construction site", "construction worker", "crane", "lift", "man", "power line", "tower", "scaffold", "video"], "007585.jpg": ["amusement park", "building", "city", "construction site", "construction worker", "crane", "lift", "man", "pole", "power line", "tower", "scaffold", "sky"], "007606.jpg": ["blanket", "crane", "lift", "pole", "tower", "ski lift", "ski resort", "skier", "sky", "snow"], "007607.jpg": ["arena", "construction site", "stadium", "video"], "007627.jpg": ["arena", "construction site", "crane", "football stadium", "sport equipment", "stadium", "video"], "007648.jpg": ["arena", "construction site", "football stadium", "stadium", "video"], "007649.jpg": ["city", "construction site", "crane", "dam", "image", "photo", "stadium", "video"], "007670.jpg": ["build", "city", "construction site", "crane", "stadium", "train track", "video"], "007691.jpg": ["build", "building", "construction site", "construction worker", "crane"], "007692.jpg": ["construction site", "construction worker", "engineer", "equipment", "fence", "hat", "man", "safety vest", "stand", "talk", "video", "wear", "white", "job", "worker"], "007710.jpg": ["barrier", "construction site", "construction worker", "engineer", "fence", "goggles", "hat", "helmet", "person", "man", "rail", "safety vest", "stand", "video", "wear", "white", "job", "worker"], "007728.jpg": ["construction site", "construction worker", "engineer", "equipment", "hat", "helmet", "person", "man", "rail", "safety vest", "stand", "video", "wear", "white", "job", "worker"], "007729.jpg": ["astronaut", "bridge", "build", "construction site", "construction worker", "crane", "person", "man", "rail", "ride", "video"], "007746.jpg": ["astronaut", "build", "construction site", "construction worker", "crane", "gasmask", "person", "man", "rail", "video", "wear", "worker"], "007763.jpg": ["astronaut", "construction site", "construction worker", "crane", "helmet", "person", "man", "rail", "video", "wear"], "007764.jpg": ["amphitheater", "arena", "construction site", "rink", "snow", "stadium"], "007787.jpg": ["arena", "rink", "snow", "stadium", "tank"], "007811.jpg": ["arena", "clock", "rink", "snow", "stadium"], "007812.jpg": ["water tank", "construction site", "crane", "image", "silo", "tank", "video", "water tower"], "007838.jpg": ["equipment", "image", "tank", "video"], "007864.jpg": ["arena", "building", "construction site", "image", "stadium", "tank", "video"], "007865.jpg": ["deliver", "give", "speech", "man", "news", "podium", "stand", "tank"], "007913.jpg": ["deliver", "give", "speech", "man", "podium", "stand", "tank"], "007962.jpg": ["deliver", "give", "speech", "man", "podium", "stand", "tank"], "007963.jpg": ["bouquet", "catch", "deliver", "dress shirt", "floral arrangement", "flower", "give", "speech", "man", "news", "shirt", "tie", "video", "yellow"], "007997.jpg": ["bouquet", "catch", "deliver", "dress shirt", "floral arrangement", "flower", "give", "speech", "man", "news", "podium", "shirt", "stand", "tie", "video", "yellow"], "008032.jpg": ["bouquet", "catch", "deliver", "dress shirt", "floral arrangement", "flower", "give", "speech", "man", "shirt", "stand", "tie", "video", "yellow"], "008033.jpg": ["computer", "meeting", "conference hall", "table", "person", "laptop", "speech", "man", "room", "sit", "tie", "video"], "008064.jpg": ["meeting", "conference hall", "table", "person", "laptop", "speech", "man", "sit", "speaker", "tie", "video"], "008096.jpg": ["meeting", "conference hall", "table", "person", "laptop", "speech", "man", "sit", "tie"], "008097.jpg": ["table", "dress shirt", "person", "man", "news", "officer", "red", "sit", "tie", "uniform", "video", "wear"], "008125.jpg": ["army", "table", "dress shirt", "person", "man", "news", "officer", "red", "sit", "tie", "uniform", "video", "wear"], "008153.jpg": ["army", "table", "dress shirt", "person", "man", "news", "officer", "sit", "tie", "uniform", "video", "wear"], "008154.jpg": ["bouquet", "catch", "deliver", "dress shirt", "flower", "give", "speech", "man", "podium", "shirt", "stand", "tie", "video", "wear", "yellow"], "008174.jpg": ["bouquet", "catch", "deliver", "dress shirt", "floral arrangement", "flower", "give", "speech", "man", "shirt", "stand", "tie", "video", "yellow"], "008195.jpg": ["bouquet", "catch", "deliver", "dress shirt", "floral arrangement", "flower", "give", "speech", "man", "shirt", "stand", "tie", "video", "yellow"], "008196.jpg": ["barge", "boat", "cargo", "cargo ship", "container", "dock", "harbor", "load", "sea", "tank", "tugboat", "vessel", "water", "waterway"], "008220.jpg": ["barge", "boat", "cargo", "cargo ship", "container", "dock", "harbor", "sea", "tank", "vessel", "water", "waterway"], "008245.jpg": ["barge", "boat", "cargo", "cargo ship", "container", "dock", "float", "harbor", "load", "sea", "tank", "tugboat", "vessel", "water", "waterway"], "008246.jpg": ["building", "city", "facility", "factory", "industry", "plant", "power station"], "008274.jpg": ["building", "city", "facility", "factory", "industry", "plant", "power station"], "008302.jpg": ["building", "chimney", "facility", "factory", "industry", "plant", "power station", "tank"], "008303.jpg": ["city", "factory", "industry", "plant", "power station", "silo", "tank", "video", "water"], "008349.jpg": ["city", "factory", "industry", "plant", "power station", "silo", "tank", "water", "waterway"], "008396.jpg": ["city", "factory", "industry", "plant", "power station", "silo", "tank", "water", "waterway"], "008397.jpg": ["building", "water tank", "factory", "plant", "power station", "silo", "tank", "video", "water tower"], "008451.jpg": ["building", "water tank", "facility", "factory", "industry", "plant", "power station", "silo", "tank", "video", "water", "water tower"], "008505.jpg": ["building", "water tank", "facility", "factory", "plant", "power station", "silo", "tank", "water tower"], "008506.jpg": ["computer", "computer screen", "engineer", "equipment", "flight attendant", "person", "man", "officer", "operate", "stand", "uniform", "wear", "woman", "yellow"], "008538.jpg": ["check", "computer", "computer screen", "construction worker", "engineer", "equipment", "person", "jumpsuit", "man", "operate", "stand", "take", "technician", "uniform", "video camera", "wear", "job", "worker", "yellow"], "008570.jpg": ["check", "computer", "computer monitor", "computer screen", "construction worker", "electronic", "engineer", "equipment", "person", "jumpsuit", "man", "officer", "operate", "stand", "technician", "uniform", "video camera", "wear", "job", "worker", "yellow"], "008571.jpg": ["floor", "person", "man", "plan", "poster", "mall"], "008593.jpg": ["bulletin board", "floor", "person", "man", "mark", "plan", "poster"], "008615.jpg": ["floor", "man", "map", "mark", "pin", "plan", "poster"], "008616.jpg": ["person", "man", "office building", "shake", "stand", "tie"], "008632.jpg": ["balustrade", "person", "hallway", "man", "office building", "shake", "staff", "stand", "tie"], "008649.jpg": ["pillar", "person", "man", "mall", "staff", "stand", "tie", "wear"], "008650.jpg": ["circle", "disco ball", "pole", "red", "sphere", "dot"], "008679.jpg": ["red", "tape"], "008709.jpg": ["brand", "logo", "red", "sign"], "008710.jpg": ["attach", "climb", "climber", "rope", "helmet", "person", "ice", "life jacket", "man", "red", "rescue", "stone", "rock face", "safety vest", "vest", "wear"], "008735.jpg": ["attach", "rope", "helmet", "person", "life jacket", "man", "raft", "rapid", "red", "rescue", "rescuer", "stone", "safety vest", "vest", "video", "water"], "008760.jpg": ["rope", "person", "life jacket", "man", "raft", "red", "rescue", "rescuer", "stone", "safety vest", "video", "wear"], "008761.jpg": ["climb", "climber", "person", "man", "red", "stone", "rock face", "stand", "video", "walk", "waterfall"], "008783.jpg": ["climb", "climber", "person", "image", "man", "rapid", "red", "stone", "rock face", "video", "waterfall"], "008805.jpg": ["climb", "climber", "person", "man", "red", "stone", "video", "waterfall"], "008806.jpg": ["person", "man", "red", "stone", "skier", "snowboarder", "video"], "008828.jpg": ["person", "man", "rapid", "red", "stone", "rock face", "skier", "video", "waterfall"], "008850.jpg": ["person", "man", "red", "stone", "rock face", "skier", "snowboarder", "trick", "video", "waterfall"], "008851.jpg": ["boat", "channel", "person", "motorboat", "kayak", "man", "sea", "raft", "rapid", "ride", "slide", "tube", "video", "water", "waterfall", "wave"], "008870.jpg": ["boat", "paddle", "channel", "cliff", "person", "motorboat", "kayak", "life jacket", "man", "sea", "raft", "rapid", "ride", "surfer", "video", "water", "wave"], "008889.jpg": ["boat", "channel", "person", "motorboat", "kayak", "life jacket", "man", "sea", "raft", "rapid", "ride", "video", "water", "wave"], "008890.jpg": ["person", "man", "moped", "motorbike", "motorcycle", "motorcyclist", "ride", "road", "scooter", "street scene"], "008918.jpg": ["person", "man", "moped", "motorbike", "motorcycle", "motorcyclist", "ride", "road", "scooter", "video"], "008946.jpg": ["person", "man", "moped", "motorbike", "motorcycle", "motorcyclist", "ride", "road", "scooter", "video"], "008947.jpg": ["person", "man", "moped", "motorbike", "motorcycle", "motorcyclist", "push", "ride", "scooter", "video"], "008971.jpg": ["person", "man", "motorcycle", "stand", "video"], "008996.jpg": ["building", "construction worker", "person", "man", "moped", "motorbike", "motorcycle", "motorcyclist", "scooter", "video", "wear"], "008997.jpg": ["ambulance", "car", "drive", "motorbike", "motorcycle", "motorcyclist", "pick up", "road", "scooter", "street scene", "vehicle", "video"], "009023.jpg": ["ambulance", "car", "drive", "motorbike", "motorcycle", "motorcyclist", "pick up", "road", "street scene", "suv", "vehicle"], "009050.jpg": ["ambulance", "car", "drive", "motorbike", "motorcycle", "motorcyclist", "park", "ride", "road", "street scene", "vehicle"], "009051.jpg": ["car", "person", "man", "motorcycle", "red", "scooter", "stool", "vehicle", "video", "woman"], "009101.jpg": ["red"], "009151.jpg": ["brand", "number", "logo", "red"], "009152.jpg": ["blue", "folder", "business suit", "catch", "city", "city skyline", "city view", "dress", "stand", "uniform", "wear", "woman"], "009319.jpg": ["blue", "folder", "business suit", "city view", "interview", "news", "stand", "video", "woman"], "009486.jpg": ["blue", "folder", "business suit", "city skyline", "city view", "interview", "news", "stand", "uniform", "video", "woman"], "009487.jpg": ["computer screen", "face", "person", "image", "photo", "screenshot", "woman"], "009782.jpg": ["business suit", "face", "person", "image", "man", "photo", "tie", "video"], "010078.jpg": ["business suit", "face", "person", "image", "leader", "man", "news", "photo", "tie", "video"], "010079.jpg": ["crowded", "person", "moped", "motorbike", "motorcycle", "motorcyclist", "ride", "road", "scooter", "street scene"], "010157.jpg": ["crowded", "person", "moped", "motorbike", "motorcycle", "motorcyclist", "park", "road", "scooter", "stand", "street corner", "street scene", "walk"], "010236.jpg": ["building", "car", "crowd", "person", "road", "sign", "stand", "street sign", "video", "walk"], "010237.jpg": ["building", "crowd", "crowded", "person", "moped", "motorbike", "motorcycle", "motorcyclist", "scooter", "stand", "wear"], "010287.jpg": ["building", "crowd", "crowded", "person", "moped", "motorbike", "motorcycle", "motorcyclist", "scooter", "stand"], "010338.jpg": ["crowd", "person", "man", "motorbike", "motorcycle", "motorcyclist", "stand", "video"], "010339.jpg": ["crowd", "crowded", "person", "man", "motorbike", "motorcycle", "motorcyclist", "stand", "video"], "010401.jpg": ["billboard", "building", "sign", "signage", "storefront"], "010463.jpg": ["building", "crowded", "person", "image", "mall", "video", "walk"], "010464.jpg": ["building", "crowded", "person", "image", "mall", "video", "walk"], "010525.jpg": ["building", "crowd", "crowded", "person", "line", "motorcycle", "motorcyclist", "stand", "video"], "010587.jpg": ["building", "crowd", "crowded", "person", "motorbike", "motorcycle", "motorcyclist", "scooter", "stand", "video", "walk"], "010589.jpg": ["crowd", "crowded", "person", "moped", "motorbike", "motorcycle", "motorcyclist", "scooter", "video", "walk"], "010620.jpg": ["building", "crowd", "crowded", "person", "moped", "motorbike", "motorcycle", "motorcyclist", "scooter", "mall", "stand"], "010652.jpg": ["crowd", "crowded", "person", "moped", "motorbike", "motorcycle", "motorcyclist", "scooter", "mall", "stand"], "010653.jpg": ["city", "city skyline", "city view", "dress shirt", "man", "news", "shirt", "stand", "tie", "video", "wear"], "010772.jpg": ["city", "city skyline", "city view", "dress shirt", "man", "news", "shirt", "stand", "tie", "video", "wear"], "010891.jpg": ["city", "city skyline", "city view", "dress shirt", "man", "news", "shirt", "stand", "tie", "video", "wear"], "010892.jpg": ["attach", "climb", "climber", "rope", "helmet", "person", "life jacket", "man", "red", "rescue", "rescuer", "stone", "rock face", "safety vest", "vest", "video", "wear"], "010966.jpg": ["attach", "rope", "person", "life jacket", "man", "raft", "rapid", "red", "rescue", "stone", "safety vest", "video", "water"], "011040.jpg": ["boulder", "climb", "climber", "rope", "person", "life jacket", "man", "rapid", "red", "rescue", "stone", "rock climber", "rock face", "safety vest", "up", "video"], "011041.jpg": ["climb", "climber", "person", "man", "red", "stone", "rock face", "video", "waterfall"], "011101.jpg": ["climb", "climber", "person", "man", "red", "stone", "rock face", "stand", "video", "water", "waterfall"], "011161.jpg": ["climb", "climber", "person", "man", "red", "stone", "rock face", "stand", "video", "water", "waterfall"], "011162.jpg": ["cliff", "climb", "climber", "rope", "person", "ledge", "man", "red", "stone", "rock climber", "rock climbing", "rock face", "up", "waterfall"], "011238.jpg": ["climb", "climber", "person", "ledge", "man", "red", "stone", "rock climber", "rock face", "stand", "waterfall"], "011314.jpg": ["cliff", "climb", "climber", "person", "ledge", "man", "red", "stone", "rock climber", "rock face", "stand", "up", "waterfall"], "011315.jpg": ["cave", "climb", "climber", "rope", "exit", "person", "man", "red", "stone", "rock climber", "rock climbing", "rock face", "shirt", "up"], "011417.jpg": ["cave", "cliff", "climb", "climber", "crack", "person", "ledge", "man", "red", "stone", "rock climber", "rock climbing", "rock face", "up"], "011519.jpg": ["cliff", "climb", "climber", "rope", "person", "ledge", "man", "red", "stone", "rock climber", "rock face", "up"], "011520.jpg": ["climber", "person", "man", "red", "stone", "rock face", "skier", "waterfall"], "011593.jpg": ["climb", "climber", "person", "man", "rapid", "red", "stone", "rock face", "skier", "video", "waterfall"], "011667.jpg": ["climb", "climber", "person", "man", "rapid", "red", "stone", "rock climber", "rock face", "skier", "waterfall"], "011668.jpg": ["climber", "person", "man", "skier", "video", "waterfall"], "011725.jpg": ["rope", "person", "man", "red", "skier", "snowboarder", "trick", "video", "waterfall"], "011783.jpg": ["climb", "climber", "rope", "person", "man", "red", "rock climber", "skier", "snowboarder", "trick", "video"], "011784.jpg": ["boat", "paddle", "cliff", "person", "kayak", "man", "sea", "raft", "rapid", "red", "stone", "rock face", "video", "water", "waterfall", "wave"], "011866.jpg": ["boat", "paddle", "cliff", "person", "kayak", "life jacket", "man", "sea", "raft", "rapid", "ride", "rock face", "surfer", "swimmer", "video", "water", "waterfall", "wave"], "011949.jpg": ["cliff", "diver", "person", "life jacket", "man", "sea", "raft", "rapid", "stone", "sea lion", "seal", "swim", "swimmer", "video", "water", "wave"], "011950.jpg": ["boat", "rope", "diver", "fish", "fishing pole", "hook", "person", "life jacket", "man", "sea", "stone", "string", "video", "water"], "011985.jpg": ["attach", "boat", "rope", "diver", "person", "life jacket", "man", "sea", "rescue", "string", "video", "water"], "012020.jpg": ["boat", "buoy", "rope", "diver", "float", "person", "motorboat", "life belt", "life jacket", "lifeguard", "man", "sea", "raft", "swim", "swimmer", "tube", "video", "water"], "012021.jpg": ["folder", "business suit", "catch", "interview", "news", "stand", "video", "woman"], "012192.jpg": ["blue", "folder", "business suit", "catch", "city view", "interview", "news", "stand", "video", "woman"], "012364.jpg": ["blue", "folder", "business suit", "catch", "city", "city view", "flight attendant", "interview", "news", "stand", "uniform", "video", "woman"], "012365.jpg": ["cosmetic", "elevator", "eyebrow", "face", "girl", "selfie", "stand", "stare", "woman"], "012427.jpg": ["cosmetic", "eyebrow", "face", "girl", "selfie", "stand", "stare", "video", "woman"], "012490.jpg": ["cosmetic", "eyebrow", "face", "forehead", "girl", "hair", "person", "selfie", "video", "woman"], "012491.jpg": ["ambulance", "car", "city street", "drive", "garbage truck", "night", "road", "traffic light", "truck", "vehicle", "video"], "012553.jpg": ["ambulance", "drive", "garbage truck", "night", "road", "traffic light", "truck", "vehicle", "video"], "012615.jpg": ["ambulance", "car", "drive", "garbage truck", "night", "road", "traffic light", "truck", "vehicle"], "012616.jpg": ["attach", "dirt bike", "floor", "kayak", "motorbike", "motorcycle", "park", "photo", "pole", "scooter"], "012678.jpg": ["attach", "bicycle", "dirt bike", "floor", "moped", "motorbike", "motorcycle", "park", "pavement", "pole", "scooter"], "012740.jpg": ["attach", "bicycle", "dirt bike", "floor", "moped", "motorbike", "motorcycle", "park", "pavement", "pole", "scooter"], "012741.jpg": ["ambulance", "car", "fire truck", "person", "image", "man", "photo", "vehicle", "video", "woman"], "012803.jpg": ["ambulance", "table", "fire truck", "person", "image", "man", "photo", "video", "woman"], "012865.jpg": ["ambulance", "table", "fire truck", "person", "image", "man", "pen", "photo", "video", "woman"], "012866.jpg": ["pillar", "construction worker", "floor", "person", "man", "scooter", "video", "job"], "012928.jpg": ["cart", "floor", "person", "ladder", "man", "push", "video", "job"], "012990.jpg": ["broom", "building", "clean", "floor", "person", "man", "swab", "vacuum", "video", "woman"], "012991.jpg": ["dirt bike", "floor", "man", "motorbike", "motorcycle", "motorcyclist"], "013014.jpg": ["attach", "bicycle", "dirt bike", "floor", "moped", "motorbike", "motorcycle", "park", "red"], "013038.jpg": ["attach", "dirt bike", "floor", "moped", "motorbike", "motorcycle", "park", "red"], "013039.jpg": ["city", "city skyline", "city view", "dress shirt", "man", "news", "shirt", "stand", "tie", "video", "wear"], "013188.jpg": ["city", "city skyline", "city view", "dress shirt", "man", "news", "shirt", "stand", "tie", "video", "wear"], "013338.jpg": ["city", "city skyline", "city view", "dress shirt", "man", "news", "shirt", "stand", "tie", "video", "wear"], "013339.jpg": ["crowd", "crowded", "person", "moped", "motorbike", "motorcycle", "motorcyclist", "night", "road", "scooter", "stand", "video"], "013365.jpg": ["crowd", "crowded", "person", "moped", "motorbike", "motorcycle", "motorcyclist", "night", "road", "scooter", "street scene", "video"], "013392.jpg": ["crowd", "crowded", "person", "motorbike", "motorcycle", "motorcyclist", "night", "scooter", "stand", "video"], "013393.jpg": ["person", "man", "room", "stand", "video", "woman"], "013427.jpg": ["crowd", "crowded", "person", "man", "stand", "video"], "013461.jpg": ["food", "person", "man", "news", "stand", "video"], "013462.jpg": ["alley", "person", "man", "motorbike", "motorcycle", "motorcyclist", "stand", "video", "walk"], "013497.jpg": ["alley", "barrel", "person", "man", "motorbike", "motorcycle", "motorcyclist", "stand", "video"], "013532.jpg": ["animal", "barrel", "elephant", "enclosure", "green", "person", "man", "stand", "video", "wash"], "013533.jpg": ["alley", "person", "man", "motorcycle", "night", "stand", "video", "walk"], "013568.jpg": ["person", "man", "motorbike", "motorcycle", "night", "scooter", "stand", "video", "walk"], "013603.jpg": ["alley", "guard", "person", "man", "motorbike", "motorcycle", "night", "stand", "video"], "013604.jpg": ["baby carriage", "guard", "person", "man", "motorbike", "motorcycle", "motorcyclist", "night", "police", "scooter", "stand", "tape", "video", "woman"], "013644.jpg": ["area", "guard", "person", "man", "motorbike", "motorcycle", "night", "police", "stand", "tape", "video", "woman"], "013685.jpg": ["area", "guard", "person", "man", "motorbike", "motorcycle", "officer", "police", "stand", "tape", "video"], "013686.jpg": ["person", "man", "motorbike", "motorcycle", "night", "stand", "video"], "013710.jpg": ["person", "man", "motorbike", "motorcycle", "night", "stand", "video"], "013735.jpg": ["person", "man", "motorcycle", "night", "stand", "video"], "013736.jpg": ["building", "person", "man", "motorbike", "motorcycle", "motorcyclist", "night", "park", "stand", "video"], "013771.jpg": ["building", "person", "man", "motorbike", "motorcycle", "motorcyclist", "night", "night view", "park", "stand", "video"], "013807.jpg": ["building", "person", "man", "moped", "motorbike", "motorcycle", "motorcyclist", "night", "night view", "park", "scooter", "stand", "video"], "013808.jpg": ["ambulance", "car", "gun", "person", "man", "motorcycle", "officer", "paramedic", "police", "stand", "video"], "013839.jpg": ["army", "guard", "person", "man", "officer", "stand", "uniform", "video"], "013871.jpg": ["person", "man", "stand", "video"], "013872.jpg": ["building", "chair", "cricket", "person", "man", "night", "play", "stand", "stool", "video", "walk"], "013906.jpg": ["building", "green", "person", "hut", "man", "night", "stand", "video", "walk"], "013941.jpg": ["building", "green", "person", "hut", "man", "night", "stand", "video", "walk"], "013942.jpg": ["hand", "green", "person", "man", "shake", "stand", "video", "woman"], "013975.jpg": ["bin", "green", "person", "man", "stand", "video", "woman"], "014009.jpg": ["bend", "green", "guard", "person", "man", "stand", "video", "wash"], "014010.jpg": ["cage", "can", "catch", "chair", "green", "person", "jumpsuit", "man", "plant", "sparkler", "stand", "stool", "torch", "video", "woman"], "014053.jpg": ["cage", "can", "chair", "green", "person", "man", "metal", "plant", "shirt", "spark", "sparkler", "stool", "tool", "torch", "video", "wear", "welder", "woman", "job", "worker"], "014097.jpg": ["can", "chair", "girl", "green", "person", "plant", "spark", "sparkler", "stool", "torch", "video", "wear", "woman", "job"], "014098.jpg": ["baseball bat", "bat", "bend", "dark", "person", "man", "night", "palm tree", "stand", "torch"], "014142.jpg": ["baseball bat", "bat", "bend", "enclosure", "floor", "person", "man", "night", "palm tree", "stand", "torch", "video"], "014186.jpg": ["bend", "building", "construction worker", "guard", "person", "man", "night", "officer", "palm tree", "stand", "torch"], "014187.jpg": ["blue", "folder", "business suit", "catch", "interview", "news", "stand", "uniform", "video", "woman"], "014318.jpg": ["blue", "folder", "business suit", "catch", "interview", "news", "stand", "uniform", "video", "woman"], "014450.jpg": ["blue", "folder", "business suit", "catch", "city view", "dress", "interview", "news", "stand", "uniform", "video", "woman"], "014451.jpg": ["person", "man", "moped", "motorbike", "motorcycle", "motorcyclist", "ride", "road", "scooter", "street scene"], "014486.jpg": ["person", "man", "moped", "motorbike", "motorcycle", "motorcyclist", "ride", "road", "scooter", "street scene", "video"], "014521.jpg": ["person", "man", "moped", "motorbike", "motorcycle", "motorcyclist", "ride", "road", "scooter", "street scene", "video"], "014522.jpg": ["person", "man", "moped", "motorbike", "motorcycle", "motorcyclist", "ride", "scooter", "stand", "video"], "014559.jpg": ["building", "person", "man", "motorbike", "motorcycle", "motorcyclist", "officer", "scooter", "stand", "video"], "014597.jpg": ["person", "man", "moped", "motorbike", "motorcycle", "motorcyclist", "scooter", "stand", "video"], "014598.jpg": ["ambulance", "car", "drive", "motorbike", "motorcycle", "park", "pick up", "road", "street scene", "suv", "vehicle"], "014637.jpg": ["ambulance", "car", "drive", "motorbike", "motorcycle", "motorcyclist", "park", "pick up", "road", "street scene", "suv", "vehicle"], "014676.jpg": ["ambulance", "car", "drive", "motorbike", "motorcycle", "motorcyclist", "park", "pick up", "road", "street scene", "suv", "vehicle"], "014677.jpg": ["car", "person", "man", "motorbike", "motorcycle", "motorcyclist", "officer", "police", "stand", "vehicle"], "014724.jpg": ["ambulance", "baby carriage", "person", "man", "motorbike", "motorcycle", "officer", "police", "push", "scooter", "stand", "video", "wheelchair"], "014771.jpg": ["ambulance", "car", "person", "man", "road", "stand", "street corner", "van", "vehicle", "walk"], "014772.jpg": ["ambulance", "car", "person", "man", "motorbike", "motorcycle", "road", "stand", "street corner", "street scene", "van", "vehicle", "walk", "white"], "014833.jpg": ["ambulance", "city bus", "city street", "person", "man", "moped", "motorbike", "motorcycle", "motorcyclist", "ride", "road", "scooter", "street scene"], "014894.jpg": ["ambulance", "car", "person", "man", "motorbike", "motorcycle", "motorcyclist", "night", "ride", "road", "scooter", "stand", "street corner", "street scene"], "014895.jpg": ["accident", "ambulance", "car", "person", "man", "moped", "motorbike", "motorcycle", "motorcyclist", "paramedic", "road", "scooter", "van", "vehicle"], "014935.jpg": ["accident", "ambulance", "car", "person", "man", "moped", "motorbike", "motorcycle", "motorcyclist", "push", "ride", "road", "scooter", "van", "vehicle"], "014975.jpg": ["ambulance", "taxi", "car", "pillar", "curb", "person", "man", "minivan", "motorbike", "motorcycle", "road", "van", "vehicle"], "014976.jpg": ["car", "city", "city street", "crowded", "person", "motorbike", "motorcycle", "motorcyclist", "road", "street corner", "street scene", "video"], "015011.jpg": ["car", "city", "city street", "crowd", "crowded", "person", "motorbike", "motorcycle", "motorcyclist", "road", "street corner", "street scene", "video", "walk"], "015046.jpg": ["ambulance", "car", "city", "city street", "crowded", "person", "motorbike", "motorcycle", "motorcyclist", "road", "street scene"], "015047.jpg": ["ambulance", "car", "city street", "crowded", "person", "motorbike", "motorcycle", "motorcyclist", "ride", "road", "scooter", "street scene"], "015091.jpg": ["ambulance", "car", "city street", "crowded", "emergency service", "emergency vehicle", "person", "motorbike", "motorcycle", "motorcyclist", "night", "police", "road", "scooter", "street scene"], "015136.jpg": ["ambulance", "biker", "car", "city street", "crowded", "person", "motorbike", "motorcycle", "motorcyclist", "night", "ride", "road", "street scene", "vehicle"], "015137.jpg": ["ambulance", "car", "city", "city street", "crowd", "crowded", "person", "motorbike", "motorcycle", "motorcyclist", "night", "road", "scooter", "street scene"], "015170.jpg": ["ambulance", "car", "city", "city street", "crowded", "person", "moped", "motorbike", "motorcycle", "motorcyclist", "night", "ride", "road", "scooter", "street corner", "street scene"], "015204.jpg": ["ambulance", "car", "city", "city street", "crowded", "person", "motorbike", "motorcycle", "motorcyclist", "night", "ride", "road", "scooter", "street scene"], "015205.jpg": ["circle", "disco ball", "red", "sphere", "dot"], "015237.jpg": ["blood", "red", "saw", "strip"], "015269.jpg": ["brand", "logo", "polka dot", "red", "sign"], "015270.jpg": ["crowd", "crowded", "person", "man", "stand", "subway", "walk"], "015295.jpg": ["crowded", "person", "man", "news", "mall", "stand", "subway", "video"], "015320.jpg": ["crowd", "crowded", "person", "man", "news", "mall", "stand", "video"], "015321.jpg": ["bulletin board", "cancer", "mark", "news", "note", "purple", "ribbon", "tape", "video", "writing"], "015343.jpg": ["attach", "bulletin board", "cancer", "mark", "news", "note", "pin", "purple", "ribbon", "tape", "video", "violet", "writing"], "015365.jpg": ["bulletin board", "cancer", "disease", "mark", "news", "note", "pin", "purple", "ribbon", "tape", "video", "writing", "yellow"], "015366.jpg": ["crowd", "crowded", "person", "news", "purple", "stand", "video"], "015386.jpg": ["crowd", "crowded", "event", "person", "purple", "stand", "video"], "015406.jpg": ["crowd", "crowded", "event", "person", "purple", "stand", "video"], "015407.jpg": ["crowded", "person", "pavement", "road", "shopper", "store", "video", "walk", "woman"], "015428.jpg": ["person", "man", "pavement", "road", "shopper", "store", "video", "walk", "woman"], "015449.jpg": ["crowded", "person", "man", "pavement", "road", "shopper", "store", "video", "walk", "woman"], "015450.jpg": ["draw", "home appliance", "person", "video", "woman"], "015501.jpg": ["cosmetic", "girl", "halloween pumpkin", "home appliance", "person", "video", "woman"], "015553.jpg": ["face", "hair", "halloween", "halloween pumpkin", "person", "video", "woman"], "015554.jpg": ["bangs", "cosmetic", "eye", "face", "girl", "person", "image", "lipstick", "mouth", "news", "red", "video", "woman"], "015580.jpg": ["cosmetic", "eye", "face", "girl", "hair", "person", "lipstick", "mouth", "red", "video", "woman"], "015606.jpg": ["bangs", "cosmetic", "eye", "face", "girl", "person", "image", "lipstick", "mouth", "news", "red", "stare", "video", "woman"], "015607.jpg": ["cosmetic", "face", "girl", "person", "news", "video", "woman"], "015658.jpg": ["red", "sphere"], "015710.jpg": ["brand", "logo", "red"], "015711.jpg": ["blue", "folder", "business suit", "catch", "city", "city skyline", "city view", "dress", "hand", "stand", "woman"], "015858.jpg": ["blue", "folder", "business suit", "catch", "city skyline", "city view", "dress", "interview", "news", "stand", "video", "woman"], "016005.jpg": ["blue", "folder", "business suit", "city view", "dress", "interview", "news", "stand", "uniform", "video", "wear", "woman"], "016006.jpg": ["blanket", "wall", "bulletin board", "person", "man", "note", "tile wall", "woman", "writing", "yellow"], "016069.jpg": ["person", "man", "stand", "tile wall", "video", "video camera"], "016132.jpg": ["crowd", "crowded", "person", "man", "mall", "stand", "video", "walk"], "016133.jpg": ["attach", "bulletin board", "cancer", "mark", "news", "note", "pin", "purple", "ribbon", "tape", "video", "writing"], "016156.jpg": ["attach", "bulletin board", "cancer", "mark", "news", "note", "paper", "pin", "purple", "ribbon", "tape", "writing", "yellow"], "016179.jpg": ["attach", "bulletin board", "cancer", "disease", "mark", "news", "note", "pin", "purple", "ribbon", "tape", "writing", "yellow"], "016180.jpg": ["alley", "barricade", "building", "guard", "man", "officer", "police", "road", "stand", "video"], "016212.jpg": ["alley", "barricade", "building", "cone", "construction worker", "guard", "person", "man", "officer", "pavement", "police", "road", "safety vest", "stand"], "016245.jpg": ["alley", "barricade", "building", "cone", "guard", "person", "man", "officer", "pavement", "police", "road", "stand"], "016246.jpg": ["bag", "package", "poster", "ribbon", "sign"], "016262.jpg": ["bag", "package", "poster", "ribbon", "sign"], "016279.jpg": ["bag", "cancer", "package", "poster", "ribbon", "sign"], "016280.jpg": ["choir", "event", "person", "image", "instrument", "man", "ribbon", "screen", "sing", "stage", "stand", "video"], "016302.jpg": ["choir", "event", "person", "instrument", "man", "ribbon", "screen", "sing", "stage", "stand", "video"], "016325.jpg": ["choir", "event", "person", "instrument", "man", "ribbon", "screen", "sing", "stage", "stand", "video"], "016326.jpg": ["crowd", "crowded", "event", "person", "purple", "shirt", "stand", "video"], "016350.jpg": ["crowd", "crowded", "event", "person", "purple", "shirt", "stand", "video"], "016375.jpg": ["crowd", "crowded", "event", "person", "purple", "shirt", "stand", "video", "woman"], "016376.jpg": ["baseball hat", "face", "goggles", "person", "man", "mask", "video", "wear", "woman"], "016409.jpg": ["baseball hat", "blanket", "face", "person", "man", "mask", "nose", "purple", "video", "wear", "woman"], "016442.jpg": ["baseball hat", "goggles", "person", "man", "mask", "news", "video", "wear", "woman"], "016443.jpg": ["band", "concert", "person", "image", "instrument", "music", "perform", "play", "screen", "sing", "stage"], "016478.jpg": ["band", "concert", "person", "image", "instrument", "man", "music", "perform", "performance", "play", "screen", "sing", "stage"], "016514.jpg": ["band", "concert", "conductor", "person", "image", "instrument", "man", "music", "perform", "performance", "play", "screen", "sing", "stage"], "016515.jpg": ["band", "cello", "concert", "conductor", "person", "image", "instrument", "man", "music", "musician", "perform", "play", "sing", "stage", "stand", "violin", "violinist"], "016571.jpg": ["band", "cello", "choir", "concert", "conductor", "person", "instrument", "man", "music", "musician", "perform", "play", "sing", "stage", "stand", "violin", "violinist"], "016627.jpg": ["band", "business suit", "cello", "choir", "concert", "conductor", "person", "instrument", "man", "music", "musician", "perform", "performance", "play", "sing", "stage", "stand", "video", "violin", "violinist"], "016628.jpg": ["band", "bass", "cello", "concert", "conductor", "person", "instrument", "music", "musician", "play", "violin", "woman"], "016668.jpg": ["band", "bass", "cello", "concert", "conductor", "person", "instrument", "music", "musician", "play", "violin", "woman"], "016709.jpg": ["band", "bass", "cello", "concert", "person", "instrument", "man", "music", "play", "violin", "woman"], "016710.jpg": ["crowded", "person", "man", "pavement", "road", "shopper", "store", "storefront", "walk", "woman"], "016737.jpg": ["person", "man", "pavement", "road", "store", "walk", "woman"], "016764.jpg": ["couple", "crowded", "hand", "person", "man", "pavement", "road", "store", "storefront", "walk", "woman"], "016765.jpg": ["building", "sign", "signage", "store", "storefront"], "016842.jpg": ["baby carriage", "building", "doorway", "green", "person", "man", "moped", "motorcycle", "push", "scooter", "walk", "woman"], "016919.jpg": ["building", "bulletin board", "green", "person", "man", "moped", "motorbike", "motorcycle", "park", "scooter", "stand", "store", "storefront", "walk", "woman"], "016920.jpg": ["attach", "building", "hang", "purple", "sign", "signage", "store", "storefront", "writing"], "016962.jpg": ["attach", "building", "hang", "pole", "purple", "sign", "signage", "store", "storefront", "writing"], "017005.jpg": ["attach", "building", "hang", "pole", "purple", "sign", "signage", "store", "storefront", "street sign", "writing"], "017006.jpg": ["attach", "building", "hang", "pole", "sign", "traffic light", "street corner", "street sign"], "017070.jpg": ["attach", "building", "hang", "pole", "road", "sign", "stop light", "traffic light", "street corner", "street light", "street sign"], "017135.jpg": ["baby carriage", "cart", "person", "man", "pavement", "push", "road", "shopper", "store", "walk", "woman"], "017136.jpg": ["chair", "person", "man", "news", "screen", "stool", "television", "video", "woman"], "017181.jpg": ["carpet", "chair", "news", "screen", "stand", "stool", "television", "video", "woman"], "017227.jpg": ["carpet", "person", "man", "news", "screen", "stand", "stool", "video", "woman"], "017228.jpg": ["catch", "dress shirt", "man", "news", "shirt", "stand", "tie", "video", "wear"], "017377.jpg": ["dress shirt", "man", "shirt", "stand", "tie", "video", "wear"], "017527.jpg": ["catch", "dress shirt", "person", "man", "shirt", "stand", "tie", "video", "wear"], "017528.jpg": ["catch", "dirt field", "dirt road", "dirt track", "pigtail", "dress", "girl", "person", "leash", "sky", "stand", "video", "walk", "woman"], "017586.jpg": ["boy", "catch", "child", "dress", "girl", "person", "leash", "stand", "video", "walk", "woman"], "017644.jpg": ["dog", "pigtail", "dress", "girl", "person", "leash", "pet", "stand", "video", "walk", "woman"], "017645.jpg": ["flood", "person", "lake", "man", "river", "stand", "video", "wash", "water", "woman"], "017676.jpg": ["child", "flood", "girl", "person", "man", "raft", "river", "stand", "video", "wash", "water", "woman"], "017707.jpg": ["dip", "flood", "girl", "person", "man", "river", "stand", "video", "wash", "water", "woman"], "017708.jpg": ["flood", "person", "man", "pond", "puddle", "red", "stand", "video", "water", "woman"], "017760.jpg": ["boy", "fish", "flood", "person", "lake", "man", "pond", "puddle", "red", "stand", "video", "water", "woman"], "017813.jpg": ["dip", "fish", "flood", "person", "lake", "man", "pond", "red", "stand", "water", "woman"], "017814.jpg": ["pigtail", "dress", "girl", "person", "pavement", "stand", "video", "walk", "woman"], "017854.jpg": ["dress", "girl", "person", "stand", "video", "walk", "woman", "zombie"], "017894.jpg": ["dog", "pigtail", "dress", "girl", "person", "leash", "man", "pet", "stand", "video", "walk", "woman"], "017895.jpg": ["car", "debris", "flood", "garbage", "collect", "person", "stand", "wash", "waste", "water"], "017914.jpg": ["car", "debris", "flood", "garbage", "collect", "person", "laundry", "pollution", "stand", "wash", "waste", "water"], "017933.jpg": ["car", "debris", "flood", "garbage", "collect", "person", "stand", "wash", "waste", "water"], "017934.jpg": ["crowd", "collect", "person", "skate park", "stand", "tarmac", "video"], "017960.jpg": ["crowd", "collect", "person", "skate park", "skateboarder", "stand", "video", "walk"], "017987.jpg": ["crowd", "collect", "person", "skate park", "skateboarder", "stand", "video", "walk"], "017988.jpg": ["barrier", "crowd", "fence", "person", "race track", "stand", "video", "woman"], "018002.jpg": ["barrier", "crowd", "dirt track", "pigtail", "person", "man", "race track", "stand", "trick", "video"], "018017.jpg": ["crowd", "dirt track", "pigtail", "person", "man", "perform", "race track", "stand", "trick", "video", "woman"], "018018.jpg": ["girl", "person", "medal", "news", "stand", "video", "woman"], "018048.jpg": ["girl", "person", "news", "stand", "video", "woman"], "018078.jpg": ["girl", "person", "news", "stand", "video", "woman"], "018079.jpg": ["crowd", "crowded", "event", "festival", "girl", "person", "stand", "video", "woman"], "018136.jpg": ["costume", "crowd", "dance", "dancer", "pigtail", "dress", "festival", "garment", "girl", "person", "perform", "traditional", "video", "walk", "woman"], "018194.jpg": ["costume", "crowd", "dance", "dress", "festival", "garment", "girl", "headdress", "person", "traditional", "video", "walk", "wear", "white", "woman"], "018195.jpg": ["girl", "person", "medal", "stand", "video", "woman"], "018210.jpg": ["girl", "gold medal", "person", "lanyard", "medal", "neck", "stand", "video", "woman"], "018225.jpg": ["girl", "gold medal", "person", "medal", "neck", "stand", "video", "woman"], "018226.jpg": ["flood", "person", "man", "pink", "shirt", "stand", "swamp", "video", "water"], "018297.jpg": ["face", "person", "man", "news", "pink", "selfie", "shirt", "stand", "stare", "video", "wear"], "018368.jpg": ["person", "man", "news", "pink", "shirt", "stand", "video"], "018369.jpg": ["appear", "cosmetic", "eye", "eyebrow", "eyeliner", "face", "girl", "person", "lash", "mascara", "video", "woman"], "018403.jpg": ["cosmetic", "eye", "eyebrow", "eyeliner", "face", "forehead", "girl", "person", "lash", "mascara", "video", "woman"], "018437.jpg": ["cosmetic", "eye", "eyebrow", "eyeliner", "face", "forehead", "girl", "person", "lash", "mascara", "video", "woman"], "018438.jpg": ["bug", "cosmetic", "eye", "eyebrow", "eyeliner", "face", "person", "insect", "lash", "mascara", "nose", "spider", "tear", "video", "woman"], "018462.jpg": ["close-up", "cosmetic", "eye", "eyebrow", "eyeliner", "person", "lash", "mascara", "nose", "stab", "woman"], "018486.jpg": ["close-up", "cosmetic", "eye", "eyebrow", "eyeliner", "face", "person", "lash", "lens", "mascara", "mouth", "nose", "woman"], "018487.jpg": ["fence", "person", "mountain", "race track", "stand", "video", "woman"], "018513.jpg": ["girl", "person", "mountain", "race track", "stand", "video", "walk", "woman"], "018540.jpg": ["barrier", "fence", "person", "man", "mountain", "race track", "stand", "video", "woman"], "018541.jpg": ["pillar", "crowd", "girl", "person", "stand", "video", "woman"], "018613.jpg": ["headscarf", "crowd", "pigtail", "girl", "headdress", "person", "man", "stand", "video", "woman"], "018686.jpg": ["headscarf", "crowd", "crowded", "pigtail", "girl", "headdress", "person", "man", "stand", "video", "woman"], "018687.jpg": ["headscarf", "baseball glove", "face", "headdress", "person", "man", "sky", "video", "wear", "woman"], "018754.jpg": ["person", "ladder", "man", "pole", "sky", "stool", "video"], "018822.jpg": ["pigtail", "girl", "goggles", "hair", "headdress", "person", "man", "sky", "video", "wear", "woman"], "018823.jpg": ["child", "dance", "girl", "person", "rink", "skate", "ice skating", "man", "roller skate", "skateboarder", "skater", "skating rink", "stand", "video", "woman"], "018850.jpg": ["boy", "catch", "child", "crowd", "dance", "girl", "person", "man", "skateboarder", "stand", "trick", "video"], "018878.jpg": ["boy", "catch", "child", "crowd", "dress", "hand", "girl", "person", "man", "stand", "video", "woman"], "018879.jpg": ["catch", "costume", "pigtail", "dress", "girl", "hair", "headdress", "person", "video", "wear", "woman"], "018903.jpg": ["braid", "costume", "pigtail", "dress", "girl", "hair", "headdress", "person", "ponytail", "video", "wear", "woman"], "018928.jpg": ["pigtail", "girl", "hair", "person", "ponytail", "twig", "video", "woman"], "018929.jpg": ["crowd", "crowded", "pigtail", "dress", "event", "festival", "hair", "person", "stand", "video", "woman"], "018942.jpg": ["crowd", "crowded", "pigtail", "dress", "event", "festival", "girl", "hair", "person", "stand", "video", "woman"], "018955.jpg": ["crowd", "pigtail", "dress", "event", "festival", "girl", "hair", "person", "stand", "video", "woman"], "018956.jpg": ["catch", "dress shirt", "ipad", "man", "tablet", "screen", "shirt", "stand", "tablet computer", "tie", "wear"], "019149.jpg": ["doll", "dress shirt", "face", "person", "man", "shirt", "stand", "tie", "video", "wear", "woman"], "019342.jpg": ["dress shirt", "face", "person", "image", "man", "news", "photo", "shirt", "stand", "tie", "video", "wear", "woman"], "019343.jpg": ["home appliance", "person", "video", "woman"], "019503.jpg": ["carve", "face", "halloween", "halloween pumpkin", "home appliance", "person", "man", "pumpkin", "stand", "video"], "019663.jpg": ["cardboard box", "doll", "face", "home appliance", "person", "puppet", "package", "toy", "video", "woman"], "019664.jpg": ["cosmetic", "draw", "face", "person", "lipstick", "mouth", "video", "woman"], "019704.jpg": ["birthday", "boy", "cake", "draw", "face", "person", "icing", "man", "video", "woman"], "019744.jpg": ["cosmetic", "draw", "eye", "eyebrow", "face", "head", "person", "nose", "sculpture", "video", "woman"], "019745.jpg": ["cosmetic", "draw", "eye", "face", "head", "person", "lipstick", "sculpture", "woman"], "019825.jpg": ["brush", "cosmetic", "draw", "eye", "face", "girl", "hair", "person", "lipstick", "mouth", "video", "woman"], "019905.jpg": ["draw", "eye", "face", "girl", "person", "lipstick", "make", "mouth", "video", "woman"], "019906.jpg": ["bangs", "cosmetic", "draw", "eye", "eyebrow", "face", "forehead", "girl", "hair", "person", "lipstick", "mouth", "red", "video", "woman"], "019920.jpg": ["brush", "cosmetic", "draw", "eye", "face", "girl", "person", "lipstick", "makeup artist", "mouth", "red", "video", "woman"], "019935.jpg": ["bangs", "draw", "eye", "face", "girl", "person", "lipstick", "mouth", "stare", "video", "woman"], "019936.jpg": ["eye", "face", "girl", "gun", "hide", "person", "selfie", "stare", "video", "woman"], "019959.jpg": ["bangs", "eye", "face", "girl", "person", "lipstick", "mouth", "red", "stare", "video", "woman"], "019983.jpg": ["black", "catch", "dog", "face", "floor", "girl", "hide", "person", "lick", "nose", "pet", "sign", "video", "woman"], "019984.jpg": ["cosmetic", "draw", "face", "girl", "person", "pose", "video", "woman"], "020153.jpg": ["cosmetic", "draw", "eye", "face", "girl", "person", "lipstick", "mouth", "video", "woman"], "020323.jpg": ["cosmetic", "draw", "eye", "face", "girl", "person", "selfie", "sign", "video", "woman"], "020324.jpg": ["light", "laser", "man", "neon", "neon light", "ramp", "red", "skateboarder", "skier", "snowboarder", "trick"], "020369.jpg": ["computer screen", "image", "neon light", "red"], "020414.jpg": ["image", "red", "text"], "020415.jpg": ["face", "person", "man", "selfie", "shirt", "stare", "video", "white"], "020435.jpg": ["appear", "face", "person", "make", "man", "shirt", "stare", "video", "white"], "020456.jpg": ["face", "person", "man", "selfie", "shirt", "stare", "video", "white"], "020457.jpg": ["face", "girl", "person", "selfie", "shirt", "stare", "video", "white", "woman"], "020476.jpg": ["appear", "face", "girl", "person", "make", "mouth", "news", "video", "woman"], "020496.jpg": ["face", "girl", "person", "make", "mouth", "news", "selfie", "video", "woman"], "020497.jpg": ["face", "person", "man", "news", "selfie", "shirt", "stare", "video", "white"], "020520.jpg": ["face", "person", "man", "news", "selfie", "shirt", "stare", "video", "white"], "020544.jpg": ["face", "person", "man", "news", "selfie", "shirt", "stare", "video", "white"], "020545.jpg": ["face", "girl", "person", "news", "selfie", "stare", "video", "woman"], "020569.jpg": ["face", "girl", "person", "news", "selfie", "stare", "video", "woman"], "020594.jpg": ["face", "girl", "person", "news", "stare", "video", "woman"], "020595.jpg": ["face", "person", "make", "man", "mouth", "news", "selfie", "shirt", "stare", "video", "white"], "020629.jpg": ["appear", "face", "make", "man", "mouth", "selfie", "shirt", "stare", "video", "white"], "020663.jpg": ["face", "make", "man", "selfie", "shirt", "stare", "video", "white"], "020664.jpg": ["actor", "beard", "eyebrow", "face", "person", "man", "news", "shirt", "stare", "video"], "020682.jpg": ["actor", "beard", "eyebrow", "face", "person", "man", "news", "stare", "video"], "020700.jpg": ["actor", "beard", "eyebrow", "face", "person", "man", "shirt", "stare", "video"], "020701.jpg": ["face", "girl", "hair", "person", "pink", "stare", "video", "woman"], "020714.jpg": ["face", "girl", "hair", "person", "pink", "stare", "video", "woman"], "020728.jpg": ["face", "girl", "person", "pink", "stare", "video", "woman"], "020729.jpg": ["conversation", "table", "dinning table", "food", "person", "man", "meal", "sit", "talk", "video", "woman"], "020776.jpg": ["conversation", "table", "dinning table", "family", "food", "person", "man", "meal", "sit", "talk", "video", "woman"], "020824.jpg": ["conversation", "table", "dinning table", "family", "food", "person", "man", "meal", "sit", "talk", "video", "woman"], "020825.jpg": ["blue", "dress", "earring", "person", "necklace", "news", "pearl", "tiara", "video", "wear", "woman"], "020853.jpg": ["blue", "dress", "earring", "person", "necklace", "news", "pearl", "tiara", "video", "wear", "woman"], "020882.jpg": ["blue", "dress", "earring", "person", "necklace", "news", "pearl", "tiara", "video", "wear", "woman"], "020883.jpg": ["face", "girl", "person", "pink", "shirt", "stare", "video", "woman"], "020905.jpg": ["face", "girl", "hair", "person", "pink", "stare", "video", "woman"], "020927.jpg": ["face", "girl", "hair", "person", "pink", "shirt", "stare", "video", "wear", "woman"], "020928.jpg": ["face", "person", "karate", "man", "martial", "news", "robe", "shirt", "stare", "video", "wear", "white"], "020951.jpg": ["face", "person", "man", "martial", "news", "shirt", "stare", "video", "wear", "white"], "020974.jpg": ["face", "person", "lab coat", "man", "news", "robe", "shirt", "stare", "video", "white"], "020975.jpg": ["bed", "canopy", "conversation", "curtain", "girl", "person", "man", "robe", "scrub", "stand", "video", "woman", "yellow"], "020989.jpg": ["bed", "canopy", "conversation", "couple", "curtain", "girl", "person", "man", "robe", "stand", "video", "woman", "yellow"], "021004.jpg": ["bed", "canopy", "conversation", "curtain", "girl", "person", "man", "stand", "video", "woman", "yellow"], "021005.jpg": ["curtain", "face", "person", "man", "shirt", "stare", "video", "yellow"], "021025.jpg": ["curtain", "face", "person", "man", "shirt", "stare", "video", "yellow"], "021046.jpg": ["curtain", "face", "person", "man", "selfie", "shirt", "stare", "video", "yellow"], "021047.jpg": ["lamp", "face", "girl", "person", "man", "stand", "stare", "veil", "video", "woman", "yellow"], "021088.jpg": ["face", "girl", "person", "veil", "video", "woman"], "021129.jpg": ["face", "girl", "person", "man", "stand", "stare", "veil", "video", "woman", "yellow"], "021130.jpg": ["curtain", "face", "person", "man", "shirt", "stare", "video", "yellow"], "021178.jpg": ["curtain", "face", "person", "man", "shirt", "stare", "video", "yellow"], "021226.jpg": ["curtain", "face", "person", "man", "selfie", "shirt", "stare", "video", "yellow"], "021227.jpg": ["actor", "beard", "face", "person", "man", "news", "shirt", "video", "writing"], "021258.jpg": ["actor", "beard", "face", "person", "man", "news", "shirt", "video"], "021290.jpg": ["actor", "beard", "face", "person", "man", "news", "shirt", "video", "writing"], "021291.jpg": ["blue", "face", "girl", "person", "necklace", "news", "pearl", "video", "wear", "woman"], "021311.jpg": ["blue", "earring", "eye", "eyebrow", "face", "forehead", "person", "necklace", "news", "pearl", "video", "wear", "woman"], "021331.jpg": ["blue", "face", "girl", "person", "necklace", "news", "pearl", "video", "wear", "woman"], "021332.jpg": ["actor", "beard", "face", "person", "man", "video", "writing"], "021365.jpg": ["actor", "beard", "face", "person", "man", "news", "video", "writing"], "021399.jpg": ["actor", "beard", "eyebrow", "face", "person", "man", "stare", "video", "writing"], "021400.jpg": ["boat", "paddle", "rowboat", "canoe", "flood", "person", "ride", "river", "travel", "vessel", "water", "waterway"], "021486.jpg": ["boat", "paddle", "rowboat", "canoe", "flood", "person", "ride", "river", "waterway"], "021573.jpg": ["boat", "paddle", "rowboat", "canoe", "flood", "person", "kayak", "ride", "river", "water", "waterway"], "021574.jpg": ["brand", "logo", "poster"], "021575.jpg": ["brand", "logo", "poster"], "021577.jpg": ["dart", "dartboard", "disco ball", "pole", "red", "dot"], "021578.jpg": ["chair", "city view", "screen", "stand", "stool", "television", "woman"], "021769.jpg": ["blue", "business suit", "dress", "person", "image", "interview", "news", "photo", "poster", "stand", "video", "woman"], "021961.jpg": ["blue", "business suit", "cinema", "dress", "person", "image", "interview", "news", "photo", "poster", "stand", "video", "woman"], "021962.jpg": ["ball", "football", "football match", "football field", "football game", "football player", "football team", "game", "goal", "person", "man", "play", "player", "referee", "sideline", "stadium"], "022032.jpg": ["ball", "football", "football match", "football field", "football game", "football player", "football team", "game", "person", "man", "play", "player", "referee", "sideline", "stadium", "stand"], "022103.jpg": ["ball", "football", "football match", "football field", "football game", "football player", "football team", "game", "goal", "person", "man", "play", "player", "referee", "sideline", "stadium", "video"], "022104.jpg": ["football field", "football game", "football player", "game", "person", "man", "player", "referee", "video", "woman"], "022121.jpg": ["child", "football match", "football field", "football game", "football player", "girl", "huddle", "hug", "person", "man", "player", "referee", "stand", "video", "woman"], "022138.jpg": ["celebrate", "football match", "football field", "football game", "football player", "game", "girl", "huddle", "hug", "person", "man", "player", "referee", "video", "woman"], "022139.jpg": ["ball", "football", "football match", "football field", "football game", "football player", "game", "goal", "person", "man", "play", "player", "referee", "sideline"], "022209.jpg": ["ball", "football", "football match", "football field", "football game", "football player", "game", "goal", "person", "man", "play", "player", "referee", "sideline", "stadium"], "022279.jpg": ["ball", "football", "football match", "football field", "football game", "football player", "game", "goal", "person", "man", "play", "player", "referee", "sideline", "stand", "video"], "022280.jpg": ["ball", "dribble", "field", "football", "football match", "football field", "football game", "football player", "game", "kick", "man", "play", "player", "woman"], "022342.jpg": ["ball", "football", "football match", "football field", "football game", "football player", "game", "goal", "person", "man", "play", "player", "referee"], "022404.jpg": ["ball", "football", "football match", "football field", "football game", "football player", "game", "goal", "goalkeeper", "person", "kick", "man", "play", "player", "referee"], "022405.jpg": ["ball", "football", "football match", "football field", "football game", "football player", "football team", "game", "person", "man", "play", "player", "referee", "sideline", "stadium", "video"], "022515.jpg": ["ball", "football", "football match", "football field", "football game", "football player", "game", "person", "man", "play", "player", "referee", "sideline", "stadium", "video"], "022625.jpg": ["football match", "football field", "football game", "football player", "game", "person", "man", "medal", "play", "player", "referee", "sideline", "stand", "tie", "video"], "022626.jpg": ["football match", "football field", "football game", "football player", "football team", "game", "girl", "person", "man", "player", "referee", "sideline", "stand", "video", "woman"], "022631.jpg": ["football match", "football field", "football game", "football player", "game", "person", "man", "play", "player", "referee", "sideline", "stand", "video", "woman"], "022636.jpg": ["football match", "football field", "football game", "football player", "girl", "player", "referee", "stand", "uniform", "video", "woman"], "022637.jpg": ["ball", "football match", "football field", "football game", "football player", "game", "girl", "person", "man", "play", "player", "referee", "sideline", "stand", "video", "woman"], "022669.jpg": ["ball", "football", "football match", "football field", "football game", "football player", "game", "girl", "person", "man", "play", "player", "referee", "stand", "video", "woman"], "022702.jpg": ["ball", "football", "football match", "football field", "football game", "football player", "game", "girl", "person", "kick", "man", "play", "player", "referee", "sideline", "stand", "video", "woman"], "022703.jpg": ["ball", "football", "football match", "football field", "football game", "football player", "game", "person", "man", "play", "player", "referee", "sideline", "stadium"], "022810.jpg": ["ball", "football", "football match", "football field", "football game", "football player", "football team", "game", "person", "man", "play", "player", "referee", "sideline", "video"], "022918.jpg": ["ball", "football", "football match", "football field", "football game", "football player", "game", "goal", "person", "man", "play", "player", "referee", "sideline", "stadium", "stand", "video"], "022919.jpg": ["football match", "football field", "football game", "football player", "game", "girl", "person", "man", "play", "player", "referee", "shake", "sideline", "stand", "video", "woman"], "022936.jpg": ["ball", "football match", "football field", "football game", "football player", "game", "person", "man", "play", "player", "referee", "sideline", "stand", "video"], "022954.jpg": ["ball", "football", "football match", "football field", "football game", "football player", "game", "person", "man", "play", "player", "referee", "shake", "video", "woman"], "022955.jpg": ["ball", "football", "football match", "football field", "football game", "football player", "football stadium", "game", "person", "man", "play", "player", "referee", "sideline", "stadium", "video"], "023059.jpg": ["ball", "football", "football match", "football field", "football game", "football player", "football stadium", "game", "person", "man", "play", "player", "referee", "sideline", "stadium", "video"], "023163.jpg": ["ball", "football", "football match", "football field", "football game", "football player", "game", "goal", "person", "kick", "man", "play", "player", "referee", "sideline", "stand"], "023164.jpg": ["ball", "field", "football match", "football field", "football game", "football player", "game", "girl", "play", "player", "red", "referee", "sideline", "stand", "woman"], "023235.jpg": ["bleacher", "football field", "football game", "football player", "football stadium", "man", "play", "referee", "stadium", "video"], "023306.jpg": ["ball", "football", "football match", "football field", "football game", "football player", "game", "person", "man", "play", "player", "video"], "023307.jpg": ["business suit", "city view", "man", "news", "screen", "stand", "video"], "023408.jpg": ["chair", "city view", "person", "interview", "man", "news", "screen", "stand", "stool", "television", "video", "woman"], "023509.jpg": ["chair", "person", "man", "screen", "stand", "stool", "television", "video", "woman"], "023510.jpg": ["person", "man", "stand", "stool", "video"], "023581.jpg": ["person", "image", "man", "video", "woman"], "023652.jpg": ["car", "person", "man", "night", "snow", "video"], "023653.jpg": ["ambulance", "block", "car", "city street", "curb", "night", "police", "police car", "road", "street corner"], "023680.jpg": ["ambulance", "car", "city street", "curb", "night", "police", "police car", "road", "street corner"], "023708.jpg": ["ambulance", "block", "car", "city street", "curb", "night", "police", "police car", "road", "street corner"], "023709.jpg": ["ambulance", "car", "explosion", "person", "man", "officer", "police", "scene", "stand", "tape"], "023735.jpg": ["ambulance", "car", "explosion", "person", "man", "officer", "police", "scene", "stand", "tape"], "023761.jpg": ["ambulance", "car", "explosion", "person", "man", "officer", "police", "scene", "stand", "tape"], "023762.jpg": ["ambulance", "car", "city street", "emergency vehicle", "night", "police", "police car", "road", "scene", "traffic light", "vehicle"], "023789.jpg": ["ambulance", "car", "city street", "night", "police", "police car", "road", "scene", "traffic light"], "023817.jpg": ["ambulance", "car", "city street", "emergency vehicle", "night", "police", "road", "scene", "traffic light", "vehicle"], "023818.jpg": ["ambulance", "briefcase", "car", "guard", "man", "officer", "police", "polo shirt", "stand", "tape"], "023834.jpg": ["ambulance", "car", "guard", "man", "officer", "police", "stand", "tape"], "023851.jpg": ["ambulance", "car", "man", "officer", "police", "polo shirt", "shirt", "stand", "tape", "vehicle"], "023852.jpg": ["chair", "city view", "person", "ipad", "man", "screen", "stand", "stool", "television", "woman"], "024046.jpg": ["chair", "city view", "person", "man", "screen", "stand", "stool", "television", "woman"], "024240.jpg": ["person", "man", "screen", "stool", "stop sign", "television", "video"], "024241.jpg": ["man", "screen", "stop sign", "television", "video"], "024288.jpg": ["chessboard", "floor", "red", "square", "text"], "024336.jpg": ["chessboard", "dark", "floor", "red", "text"]}