{"001.jpg": ["boat", "city", "city skyline", "city view", "night view", "sea", "sky", "skyline", "sun", "sunset", "water"], "002.jpg": ["chair", "person", "interview", "man", "news", "screen", "stand", "stool", "television", "video", "woman"], "003.jpg": ["footstall", "person", "ipad", "man", "screen", "stand", "stool", "television", "woman"], "004.jpg": ["computer screen", "disco ball", "image", "pole", "red", "sphere"], "005.jpg": ["attach", "blood", "pole", "red", "snowboarder"], "006.jpg": ["building", "car", "city", "city street", "intersection", "road", "street scene", "urban", "video"], "007.jpg": ["building", "city", "city skyline", "city view", "floor", "peak", "tower", "rise building", "sky", "skyline", "skyscraper", "urban"], "008.jpg": ["atrium", "pillar", "department store", "escalator", "person", "retail", "shopper", "mall", "store"], "009.jpg": ["business suit", "face", "person", "image", "leader", "man", "photo", "tie", "video"], "010.jpg": ["flag", "pole", "red", "wave"], "011.jpg": ["chair", "person", "ipad", "man", "screen", "stand", "stool", "television", "woman"], "012.jpg": ["folder", "business suit", "city", "city skyline", "city view", "couple", "flight attendant", "person", "man", "news", "stand", "tie", "video", "woman"], "013.jpg": ["business suit", "city", "flight attendant", "person", "man", "news", "stand", "tie", "video", "woman"], "014.jpg": ["building", "car", "city", "intersection", "road", "street scene", "urban", "video"], "015.jpg": ["clock", "bell tower", "building", "city", "motorcycle", "plaza", "tower", "mall", "street scene", "town square"], "016.jpg": ["clock", "building", "pillar"], "017.jpg": ["angel", "archway", "clock", "shield", "building", "pillar", "deity", "peak", "sculpture", "statue", "wing"], "018.jpg": ["archway", "balustrade", "building", "ceiling", "pillar", "crack", "pigeon", "rail", "video"], "019.jpg": ["aisle", "crowded", "person", "man", "market", "retail", "shopper", "mall", "store", "walk"], "020.jpg": ["building", "ceiling", "crack", "damage", "peel", "repair", "yellow"], "021.jpg": ["basement", "damage", "debris", "floor", "log", "rubble", "video"], "022.jpg": ["basement", "beam", "brick", "ceiling", "crack", "damage", "floor", "mold", "repair"], "023.jpg": ["crack", "crayon", "draw", "eraser", "hole", "peel", "pen", "pencil", "plaster", "repair", "tear", "yellow"], "024.jpg": ["building", "car", "city street", "drive", "park", "road", "street scene", "vehicle"], "025.jpg": ["atrium", "building", "pillar", "concert hall", "hall", "stage", "theater"], "026.jpg": ["car", "city", "city street", "drive", "person", "intersection", "motorbike", "motorcycle", "motorcyclist", "ride", "road", "scooter", "street scene"], "027.jpg": ["ceiling", "clothe", "clothing", "clothing store", "pillar", "crowded", "person", "market", "retail", "shopper", "mall", "store", "walk"], "028.jpg": ["blue", "folder", "business suit", "catch", "dress", "interview", "news", "stand", "video", "woman"], "029.jpg": ["blue", "folder", "business suit", "interview", "news", "stand", "video", "woman"], "030.jpg": ["blue", "folder", "business suit", "catch", "interview", "news", "stand", "uniform", "video", "woman"], "031.jpg": ["building", "city", "city skyline", "city view", "tower", "rise building", "sky", "skyline", "skyscraper", "urban"], "032.jpg": ["atrium", "department store", "escalator", "person", "man", "retail", "shopper", "mall", "stair", "store", "video"], "033.jpg": ["boutique", "clothe", "clothing", "clothing store", "dress", "girl", "pink", "retail", "shelf", "shopper", "mall", "store", "woman"], "034.jpg": ["boutique", "clothe", "clothing", "clothing store", "pillar", "department store", "retail", "shopper", "mall", "stand", "store", "woman"], "035.jpg": ["atrium", "pillar", "department store", "escalator", "person", "retail", "shopper", "mall", "store"], "036.jpg": ["table", "dinning table", "family", "food", "person", "man", "sit", "video", "woman"], "037.jpg": ["pillar", "floor", "food court", "person", "mask", "retail", "shopper", "mall", "sit", "stool", "store", "wear"], "038.jpg": ["pillar", "department store", "food court", "person", "retail", "school uniform", "shopper", "mall", "stand", "stool", "store"], "039.jpg": ["business suit", "person", "interview", "lab coat", "man", "news", "sing", "tie", "video", "wear", "white", "woman"], "040.jpg": ["business suit", "person", "interview", "lab coat", "laugh", "man", "news", "office building", "sing", "smile", "suit", "tie", "video", "wear", "white", "woman"], "041.jpg": ["check", "conversation", "person", "man", "shopper", "mall", "stand", "video", "woman"], "042.jpg": ["ceiling", "pillar", "department store", "person", "retail", "shopper", "mall", "stall", "store", "walk"], "043.jpg": ["boutique", "cosmetic", "customer", "department store", "person", "man", "product", "retail", "shoe", "shoe shop", "shopper", "mall", "stand", "stool", "store"], "044.jpg": ["pillar", "crowd", "crowded", "customer", "department store", "person", "retail", "shopper", "mall", "stand", "store", "walk"], "045.jpg": ["department store", "person", "man", "retail", "shopper", "mall", "store", "video", "walk", "woman"], "046.jpg": ["canteen", "pillar", "customer", "restaurant", "food", "food court", "person", "retail", "shopper", "mall", "stool", "store"], "047.jpg": ["city", "city skyline", "city view", "dress shirt", "man", "news", "shirt", "stand", "tie", "video", "wear"], "048.jpg": ["city", "city skyline", "city view", "dress shirt", "man", "news", "shirt", "stand", "tie", "video", "wear"], "049.jpg": ["dust", "forest", "image", "tree", "video", "wood"], "050.jpg": ["image", "tree", "video"], "051.jpg": ["area", "brush", "forest", "image", "man", "tree", "video", "wood"], "052.jpg": ["person", "image", "man", "nest", "tree", "video"], "053.jpg": ["car", "damage", "debris", "person", "image", "man", "tree", "video"], "054.jpg": ["chair", "damage", "debris", "floor", "log", "man", "red", "rubble", "tree", "video"], "055.jpg": ["animal", "antler", "area", "deer", "fall", "forest", "hide", "lush", "moose", "tree", "video", "wood"], "056.jpg": ["animal", "ax", "fall", "forest", "image", "pole", "tree", "video", "wood"], "057.jpg": ["folder", "business suit", "catch", "interview", "news", "stand", "video", "woman"], "058.jpg": ["blue", "folder", "business suit", "dress", "interview", "news", "stand", "uniform", "video", "woman"], "059.jpg": ["swimwear", "boat", "diver", "equipment", "person", "man", "night", "stand", "video", "woman"], "060.jpg": ["boat", "person", "motorboat", "life jacket", "man", "night", "sea", "stand", "video", "water", "woman"], "061.jpg": ["boat", "person", "life jacket", "man", "night", "night view", "sea", "sit", "water"], "062.jpg": ["black", "pillar", "girl", "person", "lift", "man", "sit", "swing", "video", "woman"], "063.jpg": ["construction worker", "person", "man", "night", "stand", "video", "walk", "woman"], "064.jpg": ["pillar", "construction worker", "equipment", "person", "man", "pole", "safety vest", "stand", "video", "wear", "worker"], "065.jpg": ["pillar", "person", "man", "night", "pole", "stand", "telegraph pole", "video"], "066.jpg": ["computer screen", "image", "red", "screenshot"], "067.jpg": ["city", "city skyline", "city view", "dress shirt", "man", "news", "shirt", "stand", "tie", "video", "wear", "white"], "068.jpg": ["city", "city skyline", "city view", "dress shirt", "man", "news", "shirt", "stand", "tie", "video", "wear"], "069.jpg": ["arena", "construction site", "image", "photo", "stadium"], "070.jpg": ["city", "construction site", "construction worker", "crane", "lift", "man", "power line", "tower", "scaffold", "video"], "071.jpg": ["arena", "build", "construction site", "crane", "football stadium", "stadium"], "072.jpg": ["amphitheater", "arena", "building", "construction site", "rink", "snow", "stadium", "tank"], "073.jpg": ["equipment", "image", "tank", "video"], "074.jpg": ["bouquet", "catch", "deliver", "dress shirt", "floral arrangement", "flower", "give", "speech", "man", "podium", "shirt", "stand", "tie", "video", "yellow"], "075.jpg": ["computer", "meeting", "conference hall", "table", "person", "laptop", "speech", "man", "sit", "tie", "video"], "076.jpg": ["army", "table", "dress shirt", "person", "man", "news", "officer", "red", "sit", "tie", "uniform", "video", "wear"], "077.jpg": ["barge", "boat", "cargo", "cargo ship", "container", "dock", "harbor", "load", "sea", "tank", "tugboat", "vessel", "water", "waterway"], "078.jpg": ["building", "city", "facility", "factory", "industry", "plant", "power station"], "079.jpg": ["city", "factory", "industry", "plant", "power station", "silo", "tank", "video", "water"], "080.jpg": ["building", "water tank", "facility", "factory", "industry", "plant", "power station", "silo", "tank", "video", "water tower"], "081.jpg": ["computer", "computer screen", "engineer", "equipment", "flight attendant", "person", "man", "officer", "operate", "stand", "talk", "uniform", "wear", "woman", "yellow"], "082.jpg": ["floor", "person", "plan", "poster", "mall"], "083.jpg": ["person", "man", "office building", "shake", "stand", "tie"], "084.jpg": ["circle", "disco ball", "red", "sphere", "dot"], "085.jpg": ["brand", "number", "logo", "red"], "086.jpg": ["attach", "climb", "climber", "rope", "helmet", "person", "ice", "life jacket", "man", "red", "rescue", "stone", "rock face", "safety vest", "vest", "wear"], "087.jpg": ["person", "man", "red", "stone", "video", "waterfall"], "088.jpg": ["person", "man", "moped", "motorbike", "motorcycle", "motorcyclist", "ride", "road", "scooter", "street scene"], "089.jpg": ["building", "person", "man", "moped", "motorbike", "motorcycle", "motorcyclist", "scooter", "stand", "video"], "090.jpg": ["brand", "number", "logo", "red"], "091.jpg": ["folder", "business suit", "interview", "news", "stand", "video", "woman"], "092.jpg": ["computer screen", "face", "person", "image", "photo", "screenshot", "woman"], "093.jpg": ["face", "person", "image", "leader", "man", "news", "photo", "video"], "094.jpg": ["business suit", "face", "person", "image", "leader", "man", "news", "photo", "tie", "video"], "095.jpg": ["business suit", "face", "person", "image", "leader", "man", "news", "photo", "tie", "video"], "096.jpg": ["crowded", "person", "moped", "motorbike", "motorcycle", "motorcyclist", "ride", "road", "scooter", "street corner", "street scene"], "097.jpg": ["building", "crowd", "crowded", "person", "moped", "motorbike", "motorcycle", "motorcyclist", "scooter", "stand", "wear"], "098.jpg": ["building", "pillar", "sign", "signage"], "099.jpg": ["building", "crowd", "crowded", "person", "mall", "stand", "video", "walk"], "100.jpg": ["crowd", "crowded", "person", "motorbike", "motorcycle", "mall", "stand", "video", "walk"], "101.jpg": ["city", "city skyline", "city view", "dress shirt", "man", "news", "shirt", "stand", "tie", "video", "wear"], "102.jpg": ["attach", "climb", "climber", "rope", "helmet", "person", "life jacket", "man", "red", "rescue", "rescuer", "stone", "rock face", "safety vest", "vest", "video", "wear"], "103.jpg": ["climb", "climber", "person", "man", "red", "stone", "rock face", "video", "waterfall"], "104.jpg": ["climb", "climber", "person", "ledge", "man", "red", "stone", "rock climber", "rock face", "up", "waterfall"], "105.jpg": ["cave", "climb", "climber", "exit", "person", "man", "red", "stone", "rock climber", "rock climbing", "rock face", "shirt", "up"], "106.jpg": ["cliff", "climb", "climber", "rope", "person", "ledge", "man", "red", "stone", "rock climber", "rock climbing", "rock face", "up", "waterfall"], "107.jpg": ["climb", "climber", "person", "man", "rapid", "red", "stone", "rock climber", "rock face", "skier", "waterfall"], "108.jpg": ["person", "man", "red", "ski", "skier", "snowboarder", "stunt", "trick", "video"], "109.jpg": ["boat", "rope", "diver", "fish", "fishing pole", "hook", "person", "life jacket", "man", "sea", "stone", "string", "video", "water"], "110.jpg": ["folder", "business suit", "catch", "interview", "news", "stand", "uniform", "video", "woman"], "111.jpg": ["blue", "folder", "business suit", "interview", "news", "stand", "video", "woman"], "112.jpg": ["cosmetic", "elevator", "eyebrow", "face", "girl", "hair", "selfie", "stand", "stare", "woman"], "113.jpg": ["car", "city street", "drive", "garbage truck", "night", "road", "traffic light", "truck", "vehicle", "video"], "114.jpg": ["attach", "dirt bike", "floor", "kayak", "motorbike", "motorcycle", "park", "photo", "pole", "scooter"], "115.jpg": ["ambulance", "car", "table", "fire truck", "person", "image", "man", "vehicle", "video", "woman"], "116.jpg": ["pillar", "construction worker", "floor", "person", "ladder", "man", "video", "job", "worker"], "117.jpg": ["dirt bike", "floor", "man", "motorbike", "motorcycle", "motorcyclist"], "118.jpg": ["city", "city skyline", "city view", "dress shirt", "man", "news", "shirt", "stand", "tie", "video", "wear"], "119.jpg": ["city", "city skyline", "city view", "dress shirt", "man", "news", "shirt", "stand", "tie", "video", "wear"], "120.jpg": ["crowd", "crowded", "person", "moped", "motorbike", "motorcycle", "motorcyclist", "night", "road", "scooter", "stand", "video"], "121.jpg": ["alley", "person", "man", "motorbike", "motorcycle", "motorcyclist", "scooter", "stand", "video", "walk"], "122.jpg": ["baby carriage", "guard", "person", "man", "moped", "motorbike", "motorcycle", "motorcyclist", "night", "police", "scooter", "stand", "tape", "video", "walk", "woman"], "123.jpg": ["person", "man", "motorbike", "motorcycle", "night", "stand", "video"], "124.jpg": ["baby carriage", "guard", "person", "man", "officer", "paramedic", "police", "stand", "uniform", "video"], "125.jpg": ["hand", "green", "person", "man", "shake", "stand", "video"], "126.jpg": ["baseball bat", "bat", "bend", "dark", "person", "man", "night", "palm tree", "stand", "torch"], "127.jpg": ["folder", "business suit", "catch", "interview", "news", "stand", "uniform", "video", "woman"], "128.jpg": ["blue", "folder", "business suit", "catch", "interview", "news", "stand", "uniform", "video", "woman"], "129.jpg": ["crowded", "person", "man", "moped", "motorbike", "motorcycle", "motorcyclist", "ride", "road", "scooter", "street scene"], "130.jpg": ["ambulance", "car", "drive", "motorbike", "motorcycle", "park", "pick up", "road", "street scene", "suv", "vehicle"], "131.jpg": ["ambulance", "car", "person", "man", "motorbike", "motorcycle", "road", "stand", "street corner", "street scene", "van", "vehicle", "walk", "white"], "132.jpg": ["ambulance", "car", "person", "man", "moped", "motorbike", "motorcycle", "motorcyclist", "paramedic", "road", "scooter", "van", "vehicle"], "133.jpg": ["car", "city", "city street", "crowded", "person", "motorbike", "motorcycle", "motorcyclist", "road", "street corner", "street scene"], "134.jpg": ["ambulance", "car", "city street", "crowded", "person", "motorbike", "motorcycle", "motorcyclist", "ride", "road", "scooter", "street scene"], "135.jpg": ["ambulance", "car", "city", "city street", "crowd", "crowded", "person", "motorbike", "motorcycle", "motorcyclist", "night", "road", "scooter", "street scene"], "136.jpg": ["circle", "disco ball", "red", "sphere", "dot"], "137.jpg": ["crowd", "crowded", "person", "man", "stand", "subway", "walk"], "138.jpg": ["bulletin board", "cancer", "disease", "mark", "news", "note", "purple", "ribbon", "tape", "video", "writing"], "139.jpg": ["draw", "face", "home appliance", "person", "video", "woman"], "140.jpg": ["cosmetic", "face", "girl", "person", "news", "video", "woman"], "141.jpg": ["blue", "folder", "business suit", "catch", "city", "city skyline", "city view", "credit card", "dress", "hand", "stand", "video", "woman"], "142.jpg": ["blue", "folder", "business suit", "dress", "interview", "news", "stand", "video", "woman"], "143.jpg": ["blanket", "wall", "bulletin board", "person", "man", "note", "pin", "tile wall", "woman", "writing", "yellow"], "144.jpg": ["attach", "bulletin board", "cancer", "disease", "mark", "news", "note", "pin", "purple", "ribbon", "tape", "video", "writing"], "145.jpg": ["bag", "package", "poster", "ribbon", "sign"], "146.jpg": ["baseball hat", "face", "goggles", "person", "man", "mask", "video", "wear", "woman"], "147.jpg": ["band", "concert", "person", "image", "instrument", "music", "perform", "play", "screen", "sing", "stage"], "148.jpg": ["band", "cello", "concert", "conductor", "person", "image", "instrument", "man", "music", "musician", "perform", "play", "sing", "stage", "stand", "violin", "violinist"], "149.jpg": ["band", "bass", "cello", "concert", "conductor", "person", "instrument", "music", "musician", "play", "violin", "woman"], "150.jpg": ["crowded", "person", "man", "pavement", "road", "shopper", "store", "storefront", "walk", "woman"], "151.jpg": ["building", "sign", "signage", "store", "storefront", "writing"], "152.jpg": ["building", "doorway", "green", "person", "man", "moped", "motorbike", "motorcycle", "scooter", "stand", "store", "storefront", "walk", "woman"], "153.jpg": ["attach", "building", "hang", "purple", "sign", "signage", "store", "storefront", "writing"], "154.jpg": ["attach", "building", "hang", "pole", "sign", "traffic light", "street corner", "street sign"], "155.jpg": ["building", "city", "crowded", "person", "man", "pavement", "pedestrian", "road", "video", "walk"], "156.jpg": ["catch", "dress shirt", "man", "shirt", "stand", "talk", "tie", "video", "wear"], "157.jpg": ["catch", "dress shirt", "person", "man", "shirt", "tie", "video", "wear"], "158.jpg": ["catch", "dirt field", "dirt road", "dirt track", "pigtail", "dress", "girl", "person", "leash", "stand", "video", "walk", "woman"], "159.jpg": ["flood", "person", "lake", "man", "river", "stand", "video", "wash", "water", "woman"], "160.jpg": ["pigtail", "dress", "girl", "person", "stand", "video", "walk", "woman"], "161.jpg": ["car", "debris", "flood", "garbage", "collect", "person", "pollution", "stand", "wash", "waste", "water"], "162.jpg": ["cheer", "crowd", "collect", "person", "skate park", "skateboarder", "stand", "video", "walk"], "163.jpg": ["barrier", "crowd", "fence", "person", "race track", "stand", "video", "woman"], "164.jpg": ["crowd", "crowded", "event", "festival", "girl", "person", "stand", "video", "woman"], "165.jpg": ["denim jacket", "girl", "person", "medal", "stand", "video", "woman"], "166.jpg": ["cosmetic", "eye", "eyebrow", "eyeliner", "face", "girl", "person", "lash", "mascara", "video", "woman"], "167.jpg": ["fence", "person", "mountain", "race track", "stand", "video", "woman"], "168.jpg": ["beverage", "pillar", "crowd", "drink", "girl", "person", "sip", "stand", "video", "woman"], "169.jpg": ["headscarf", "face", "headdress", "person", "man", "sky", "video", "wear", "woman"], "170.jpg": ["camouflage", "face", "headdress", "person", "man", "sky", "video", "wear", "woman"], "171.jpg": ["pigtail", "fly", "girl", "headdress", "person", "kite", "man", "sky", "video", "wear", "woman"], "172.jpg": ["crowd", "crowded", "pigtail", "dress", "event", "festival", "hair", "person", "stand", "video", "woman"], "173.jpg": ["catch", "dress shirt", "ipad", "man", "tablet", "screen", "shirt", "stand", "tablet computer", "tie", "wear"], "174.jpg": ["catch", "doll", "dress shirt", "face", "person", "man", "puppet", "news", "shirt", "tie", "video", "wear"], "175.jpg": ["catch", "dress shirt", "face", "person", "man", "mouth", "news", "shirt", "tie", "video", "wear", "woman"], "176.jpg": ["home appliance", "person", "video", "woman"], "177.jpg": ["carve", "draw", "face", "girl", "halloween", "halloween pumpkin", "home appliance", "person", "microscope", "pumpkin", "video", "woman"], "178.jpg": ["brush", "doll", "draw", "face", "girl", "person", "puppet", "video", "woman"], "179.jpg": ["boy", "draw", "face", "person", "man", "video", "woman"], "180.jpg": ["carve", "cosmetic", "draw", "eye", "face", "girl", "person", "lipstick", "make", "mouth", "video", "woman"], "181.jpg": ["cosmetic", "eye", "face", "girl", "person", "lipstick", "mouth", "selfie", "video", "woman"], "182.jpg": ["cosmetic", "draw", "face", "girl", "person", "lipstick", "mouth", "video", "woman"], "183.jpg": ["light", "laser", "neon", "neon light", "red", "skateboarder", "skier", "snowboarder", "trick"], "184.jpg": ["face", "person", "man", "selfie", "shirt", "stare", "video", "white"], "185.jpg": ["face", "girl", "person", "news", "selfie", "stare", "video", "woman"], "186.jpg": ["face", "girl", "hair", "person", "pink", "stare", "video", "woman"], "187.jpg": ["blue", "dress", "earring", "person", "necklace", "news", "pearl", "tiara", "video", "wear", "woman"], "188.jpg": ["bed", "canopy", "conversation", "girl", "person", "man", "robe", "scrub", "stand", "video", "woman", "yellow"], "189.jpg": ["curtain", "face", "person", "man", "shirt", "stare", "video", "yellow"], "190.jpg": ["blue", "face", "girl", "person", "necklace", "news", "pearl", "video", "wear", "woman"], "191.jpg": ["boat", "paddle", "rowboat", "canoe", "flood", "person", "ride", "river", "travel", "vessel", "water", "waterway"], "192.jpg": ["baseball glove", "brand", "logo", "poster"], "193.jpg": ["folder", "business suit", "dress", "image", "interview", "jumpsuit", "news", "poster", "stand", "video", "woman"], "194.jpg": ["business suit", "dress", "image", "news", "photo", "stand", "video", "woman"], "195.jpg": ["ball", "football", "football match", "football field", "football game", "football player", "football team", "game", "goal", "person", "man", "play", "player", "referee", "sideline", "stadium"], "196.jpg": ["ball", "football match", "football field", "football game", "football player", "game", "person", "man", "player", "referee", "video", "woman"], "197.jpg": ["ball", "football", "football match", "football field", "football game", "football player", "game", "goal", "person", "man", "play", "player", "referee", "sideline", "stadium", "video"], "198.jpg": ["ball", "football", "football match", "football field", "football game", "football player", "game", "person", "man", "play", "player", "referee", "sideline", "stand"], "199.jpg": ["ball", "football", "football match", "football field", "football game", "football player", "football team", "game", "person", "man", "play", "player", "referee", "sideline", "stadium"], "200.jpg": ["ball", "football", "football match", "football field", "football game", "football player", "football team", "game", "person", "man", "play", "player", "referee", "sideline", "stadium", "stand", "video"], "201.jpg": ["ball", "football", "football match", "football field", "football game", "football player", "game", "person", "man", "play", "player", "referee", "sideline", "stadium"], "202.jpg": ["ball", "football", "football match", "football field", "football game", "football player", "football team", "game", "person", "man", "play", "player", "referee", "sideline", "stadium", "stand", "video"], "203.jpg": ["ball", "football", "football match", "football field", "football game", "football player", "football stadium", "football team", "game", "person", "play", "player", "referee", "sideline", "stadium", "video"], "204.jpg": ["ball", "football", "football match", "football field", "football game", "football player", "game", "goal", "goalkeeper", "person", "kick", "man", "play", "player", "referee", "sideline", "stand", "video", "woman"], "205.jpg": ["ball", "football", "football match", "football field", "football game", "football player", "game", "man", "play", "player", "referee", "sideline", "video"], "206.jpg": ["business suit", "city view", "man", "news", "screen", "stand", "video"], "207.jpg": ["chair", "person", "interview", "man", "news", "screen", "stand", "stool", "television", "video", "woman"], "208.jpg": ["person", "man", "stand", "stool", "video"], "209.jpg": ["boxer", "boxing", "person", "man", "muscle", "shirtless", "stand", "video", "woman"], "210.jpg": ["ambulance", "block", "car", "city street", "night", "police", "police car", "road", "street corner"], "211.jpg": ["ambulance", "car", "explosion", "person", "man", "officer", "police", "scene", "stand", "tape"], "212.jpg": ["ambulance", "car", "city street", "emergency vehicle", "night", "police", "police car", "road", "scene", "traffic light", "vehicle"], "213.jpg": ["ambulance", "car", "guard", "man", "officer", "police", "polo shirt", "stand", "tape"], "214.jpg": ["chair", "person", "ipad", "man", "screen", "stand", "stool", "television", "woman"], "215.jpg": ["chair", "city view", "person", "man", "screen", "stand", "stool", "television", "woman"], "216.jpg": ["chair", "city view", "person", "man", "news", "screen", "stand", "stool", "television", "woman"]}