{"001.jpg": ["city", "city skyline", "city view", "night", "night view", "sea", "sky", "skyline", "sun", "sunset", "water"], "002.jpg": ["chair", "person", "interview", "man", "news", "screen", "sit", "stand", "stool", "television", "video", "woman"], "003.jpg": ["computer screen", "electronic", "footstall", "ipad", "man", "screen", "stand", "stool", "television"], "004.jpg": ["toilet paper", "flag", "pole"], "005.jpg": ["car", "flood", "floor", "person", "image", "man", "motorcycle", "puddle", "road", "vehicle", "video"], "006.jpg": ["bank", "boat", "flood", "river", "river bank", "water", "waterway"], "007.jpg": ["build", "building", "city", "construction site", "crane", "image", "office building", "rise building", "video"], "008.jpg": ["brand", "number", "logo", "red"], "009.jpg": ["chair", "city view", "interview", "man", "screen", "sit", "stand", "stool", "television"], "010.jpg": ["folder", "chair", "city", "city skyline", "city view", "dress shirt", "man", "news", "stand", "stool", "tie"], "011.jpg": ["folder", "business suit", "city", "city skyline", "city view", "couple", "table", "person", "man", "stand", "stool", "tie", "woman"], "012.jpg": ["city", "city view", "person", "image", "man", "photo", "stand", "tie", "video", "wear"], "013.jpg": ["flood", "person", "image", "puddle", "rain", "stand", "video", "walk", "water"], "014.jpg": ["dark", "elevator", "green", "person", "image", "man", "stand", "subway", "video", "walk"], "015.jpg": ["dark", "person", "man", "night", "stand", "torch", "video", "walk"], "016.jpg": ["drive", "flood", "image", "road", "trailer truck", "travel", "truck", "video", "water"], "017.jpg": ["car", "drive", "flood", "person", "man", "pick up", "suv", "truck", "vehicle", "video", "water", "white"], "018.jpg": ["car", "drive", "flood", "road", "trailer truck", "truck", "vehicle", "water"], "019.jpg": ["debris", "flood", "man", "video", "water"], "020.jpg": ["car", "damage", "debris", "flood", "floor", "tree", "video"], "021.jpg": ["area", "flood", "image", "tree", "video", "water"], "022.jpg": ["lake", "river", "tree", "water"], "023.jpg": ["construction worker", "debris", "flood", "person", "life jacket", "man", "river", "safety vest", "sign", "stand", "vest", "walk", "water", "worker"], "024.jpg": ["flood", "sea", "water", "wave"], "025.jpg": ["city", "city view", "person", "man", "news", "stand", "tie", "video", "woman"], "026.jpg": ["city", "city view", "person", "man", "news", "stand", "tie", "video", "woman"], "027.jpg": ["city", "city view", "person", "man", "news", "stand", "tie", "video", "woman"], "028.jpg": ["city", "city view", "person", "man", "news", "stand", "tie", "video", "woman"], "029.jpg": ["city", "city view", "person", "man", "news", "stand", "tie", "video", "woman"], "030.jpg": ["city", "city view", "couple", "person", "man", "news", "stand", "tie", "video", "woman"], "031.jpg": ["cliff", "erosion", "hillside", "image", "land", "landslide", "railroad", "train track", "tree", "vegetation", "video"], "032.jpg": ["crowd", "crowded", "person", "line", "queue", "railroad", "railway station", "mall", "stand", "train track", "umbrella", "video", "walk"], "033.jpg": ["cliff", "dirt track", "erosion", "hillside", "image", "land", "landslide", "railroad", "train track", "vegetation", "video"], "034.jpg": ["bus", "green", "person", "man", "news", "stand"], "035.jpg": ["flower", "person", "man", "news", "video", "walk"], "036.jpg": ["business suit", "flower", "image", "man", "news", "railroad", "train track", "video"], "037.jpg": ["folder", "city", "city view", "person", "man", "news", "stand", "tie", "video", "woman"], "038.jpg": ["city", "city view", "person", "man", "news", "stand", "tie", "video", "woman"], "039.jpg": ["city", "city view", "couple", "person", "man", "news", "stand", "tie", "video", "woman"], "040.jpg": ["person", "image", "man", "photo", "stand", "tie", "video"], "041.jpg": ["clothe", "debris", "flood", "hut", "laundry", "sea", "slum", "video", "wash", "water"], "042.jpg": ["area", "bin", "debris", "floor", "garbage", "landfill", "pollution", "rubble", "waste"], "043.jpg": ["damage", "debris", "destruction", "floor", "person", "landslide", "man", "red", "rubble", "stand", "walk", "woman"], "044.jpg": ["building", "damage", "debris", "demolition", "destruction", "flood", "floor", "house", "remain", "rubble"], "045.jpg": ["number", "image", "line", "neon", "neon light", "red", "string"], "046.jpg": ["business suit", "chair", "man", "news", "screen", "stand", "stool", "television", "video", "woman"], "047.jpg": ["business suit", "man", "news", "screen", "stand", "stool", "tie", "video", "woman"], "048.jpg": ["business suit", "dress", "news", "screen", "stand", "video", "woman"], "049.jpg": ["dress", "ipad", "news", "screen", "stand", "video", "woman"], "050.jpg": ["boat", "paddle", "canoe", "flood", "person", "man", "net", "raft", "water"], "051.jpg": ["attach", "boat", "person", "kite", "lake", "man", "pole", "river", "string", "water", "water ski"], "052.jpg": ["face", "hand", "green", "hat", "person", "laugh", "man", "nose", "red", "smile", "sun hat", "video", "water", "wear"], "053.jpg": ["boat", "calm", "rowboat", "canoe", "fish", "fishing pole", "green", "person", "man", "net", "pole", "sail", "vessel", "water"], "054.jpg": ["flood", "fly", "image", "kite", "lake", "net", "river", "water", "water ski"], "055.jpg": ["boat", "crowd", "flood", "collect", "person", "lake", "river", "stand", "water"], "056.jpg": ["boat", "calm", "rowboat", "canoe", "person", "lake", "man", "river", "sail", "stand", "vessel", "water"], "057.jpg": ["boat", "paddle", "child", "dress", "canoe", "gasmask", "goggles", "person", "kayak", "man", "pool", "raft", "water", "wear"], "058.jpg": ["cigarette", "crowd", "person", "man", "news", "polo shirt", "poster", "shirt", "stand", "video"], "059.jpg": ["canopy", "crowd", "crowded", "event", "collect", "person", "stand", "sun hat"], "060.jpg": ["apron", "boat", "catch", "envelope", "girl", "paper", "pink", "read", "stand", "video", "woman"], "061.jpg": ["chair", "crowd", "event", "person", "sit", "stand", "stool", "sun hat"], "062.jpg": ["person", "man", "news", "stand", "video"], "063.jpg": ["blue", "person", "man", "news", "shirt", "stand", "video", "water", "wear"], "064.jpg": ["blue", "person", "man", "news", "shirt", "stand", "video", "water"], "065.jpg": ["banner", "boat", "person", "kite", "lake", "man", "pole", "raft", "sign", "stand", "water", "woman"], "066.jpg": ["boat", "canopy", "crowd", "flag", "flood", "collect", "person", "raft", "river", "stand", "water"], "067.jpg": ["boat", "paddle", "rowboat", "canoe", "flood", "person", "motorboat", "man", "oar", "pole", "raft", "stand", "vessel", "water"], "068.jpg": ["boat", "paddle", "rowboat", "canoe", "person", "man", "oar", "pole", "raft", "stand", "water"], "069.jpg": ["eyebrow", "face", "girl", "hair", "laugh", "smile", "video", "woman"], "070.jpg": ["face", "girl", "person", "man", "video", "woman"], "071.jpg": ["bottle", "catch", "green", "person", "man", "stand", "tube", "video", "wine bottle", "woman"], "072.jpg": ["bag", "catch", "person", "man", "package", "pink", "shopping bag", "video"], "073.jpg": ["blood", "hand", "floor", "person", "injury", "laugh", "lay", "man", "pain", "smile", "video", "woman", "wound"], "074.jpg": ["baseball hat", "beret", "cap", "conversation", "green", "hat", "person", "man", "shirt", "video", "wear"], "075.jpg": ["cowboy hat", "face", "fedora", "hat", "person", "man", "plug hat", "shirt", "stare", "sun hat", "video", "wear", "white"], "076.jpg": ["building", "pillar", "doorway", "person", "lean", "ledge", "man", "stand", "video"], "077.jpg": ["person", "man", "news", "video"], "078.jpg": ["dress", "girl", "person", "man", "video", "walk", "woman"], "079.jpg": ["blade", "blood", "kitchen knife", "red", "saw", "strip"], "080.jpg": ["alley", "catch", "crowd", "crowded", "person", "motorcycle", "road", "stand", "umbrella", "walk"], "081.jpg": ["crowd", "crowded", "person", "motorcycle", "road", "stand", "video", "walk"], "082.jpg": ["alley", "bin", "box", "building", "cardboard box", "debris", "food", "garbage", "person", "man", "motorbike", "motorcycle", "motorcyclist", "stand", "waste"], "083.jpg": ["barrel", "handcart", "bin", "blue", "container", "person", "man", "plectrum", "shirt", "shovel", "video", "waste"], "084.jpg": ["catch", "city", "city skyline", "city view", "dress shirt", "hand", "man", "shirt", "stand", "tie", "wear"], "085.jpg": ["city", "city skyline", "city view", "dress shirt", "man", "news", "shirt", "stand", "tie", "video", "wear"], "086.jpg": ["city", "city skyline", "city view", "dress shirt", "man", "news", "shirt", "stand", "tie", "video", "wear"], "087.jpg": ["city", "city skyline", "city view", "dress shirt", "man", "news", "shirt", "stand", "tie", "video", "wear"], "088.jpg": ["crowd", "crowded", "person", "motorbike", "motorcycle", "road", "street scene", "walk"], "089.jpg": ["crowd", "crowded", "person", "moped", "motorbike", "motorcycle", "motorcyclist", "ride", "road", "scooter", "street scene", "video"], "090.jpg": ["crowd", "crowded", "person", "moped", "motorbike", "motorcycle", "motorcyclist", "ride", "road", "scooter", "street scene"], "091.jpg": ["ambulance", "car", "person", "license plate", "moped", "motorbike", "motorcycle", "motorcyclist", "park", "pick up", "road", "scooter", "street scene", "suv", "vehicle", "white"], "092.jpg": ["folder", "catch", "city", "shirt", "stand", "white", "woman"], "093.jpg": ["folder", "catch", "city", "news", "shirt", "stand", "video", "woman"], "094.jpg": ["cage", "table", "person", "jail cell", "man", "pegboard", "pen", "prison", "sit", "video"], "095.jpg": ["blue", "head", "person", "man", "news", "shirt", "video", "wear"], "096.jpg": ["bracelet", "blue", "catch", "hand", "person", "man"], "097.jpg": ["blue", "conversation", "table", "green", "person", "interview", "man", "news", "paper", "pen", "shirt", "sit", "video"], "098.jpg": ["blue", "boy", "child", "table", "homework", "mark", "pen", "pencil", "shirt", "video", "write", "writing"], "099.jpg": ["blue", "table", "green", "person", "man", "pen", "shirt", "sit", "video"], "100.jpg": ["bracelet", "hand", "person", "man", "woman", "wristband"], "101.jpg": ["table", "green", "person", "man", "mark", "paper", "pen", "shirt", "video", "write", "writing"], "102.jpg": ["city", "city skyline", "city view", "dress shirt", "man", "news", "shirt", "stand", "tie", "video", "wear"], "103.jpg": ["city", "city skyline", "city view", "dress shirt", "man", "news", "shirt", "stand", "tie", "video", "wear"], "104.jpg": ["ambulance", "box", "cardboard box", "construction worker", "container", "crate", "food", "guard", "load", "man", "package", "red", "safety vest", "stand", "uniform", "van", "vest", "wear", "worker", "yellow"], "105.jpg": ["alcohol", "toilet paper", "can", "person", "man", "package", "stand", "video", "woman"], "106.jpg": ["catch", "hand", "person", "image", "screen", "video"], "107.jpg": ["firework", "firework display", "video"], "108.jpg": ["toilet paper", "box", "bundle", "package", "purple", "stack"], "109.jpg": ["firework", "firework display", "package", "receipt", "ticket"], "110.jpg": ["ambulance", "box", "construction worker", "container", "crate", "guard", "load", "man", "package", "paramedic", "red", "safety vest", "stand", "uniform", "van", "worker", "yellow"], "111.jpg": ["folder", "catch", "city", "shirt", "stand", "woman"], "112.jpg": ["folder", "catch", "city", "stand", "video", "woman"], "113.jpg": ["alley", "bin", "box", "cardboard box", "food", "garbage", "person", "man", "motorbike", "motorcycle", "motorcyclist", "stand", "volunteer", "waste", "wear"], "114.jpg": ["bag", "bin", "box", "cardboard", "cardboard box", "debris", "floor", "garbage", "package", "paper bag", "plastic", "waste"], "115.jpg": ["bag", "cage", "catch", "chip", "container", "hand", "food", "person", "laboratory", "package", "plastic", "scientist"], "116.jpg": ["bag", "bin", "box", "cardboard box", "container", "debris", "fill", "food", "garbage", "motorcycle", "plastic", "waste"], "117.jpg": ["bag", "beef", "bin", "box", "cardboard box", "container", "food", "meat", "package", "plastic", "pork", "wrap"], "118.jpg": ["beef", "butcher", "catch", "food", "person", "market", "meat", "package"], "119.jpg": ["bin", "container", "food", "person", "man", "plectrum", "remove", "video", "volunteer"], "120.jpg": ["bag", "bin", "blue", "box", "cardboard box", "container", "dress", "floor", "food", "garbage", "person", "meat", "package", "plastic", "waste", "woman"], "121.jpg": ["alley", "bag", "bin", "box", "cardboard box", "food", "garbage", "person", "load", "man", "package", "paper bag", "volunteer", "warehouse"], "122.jpg": ["blood", "red", "saw", "strip"], "123.jpg": ["apron", "carpenter", "equipment", "person", "machine", "man", "saw", "shirt", "tool", "wear", "wood", "job", "workshop"], "124.jpg": ["table", "plate", "food", "fork", "person", "man", "video"], "125.jpg": ["dance", "dancer", "person", "man", "martial", "video"], "126.jpg": ["catch", "city", "city skyline", "city view", "dress shirt", "ipad", "man", "tablet", "shirt", "stand", "tablet computer", "tie", "wear"], "127.jpg": ["catch", "city", "city skyline", "city view", "dress shirt", "ipad", "man", "news", "tablet", "shirt", "stand", "tablet computer", "tie", "video", "wear"], "128.jpg": ["catch", "city", "city skyline", "city view", "dress shirt", "ipad", "man", "news", "tablet", "shirt", "stand", "tablet computer", "tie", "video"], "129.jpg": ["ambulance", "building", "construction site", "construction worker", "person", "man", "police", "stand", "video", "walk"], "130.jpg": ["ambulance", "car", "city street", "emergency", "emergency service", "emergency vehicle", "person", "man", "paramedic", "road", "stand", "walk"], "131.jpg": ["ambulance", "car", "emergency vehicle", "police van", "police", "police car", "vehicle", "warehouse", "white"], "132.jpg": ["ambulance", "car", "construction site", "construction worker", "emergency service", "guard", "person", "man", "officer", "paramedic", "police", "safety vest", "stand"], "133.jpg": ["construction site", "construction worker", "safety helmet", "hat", "person", "man", "pavement", "road", "safety vest", "sun hat", "vest", "walk", "wear", "worker", "yellow"], "134.jpg": ["building", "construction site", "construction worker", "conversation", "guard", "hat", "man", "officer", "police", "safety vest", "stand", "talk", "video", "wear", "worker", "yellow"], "135.jpg": ["build", "building", "construction site", "crane", "lift", "office building", "tower", "rise building"], "136.jpg": ["ambulance", "building", "car", "construction worker", "emergency service", "emergency vehicle", "man", "officer", "paramedic", "police", "police car", "stand", "vehicle"], "137.jpg": ["advertisement", "billboard", "building", "construction worker", "poster"], "138.jpg": ["flight attendant", "man", "news", "screen", "stand", "stool", "television", "video", "woman"], "139.jpg": ["man", "news", "screen", "stand", "television", "video", "woman"], "140.jpg": ["man", "news", "screen", "stand", "stool", "television", "video", "woman"], "141.jpg": ["man", "news", "screen", "stand", "stool", "television", "video", "woman"], "142.jpg": ["man", "news", "screen", "stand", "television", "video", "woman"], "143.jpg": ["person", "man", "news", "screen", "stand", "stool", "television", "video", "woman"], "144.jpg": ["field", "golf course", "green", "image", "lush", "rice field", "screenshot", "tree"], "145.jpg": ["cartoon", "person", "man"], "146.jpg": ["boy", "cartoon", "person", "lock", "man"], "147.jpg": ["catch", "doorway", "green", "guard", "gun", "person", "man", "rifle", "stand", "sword", "weapon", "wear"], "148.jpg": ["smartphone", "girl", "person", "man", "phone", "talk"], "149.jpg": ["face", "hair", "person", "selfie", "video", "woman"], "150.jpg": ["face", "person", "laugh", "news", "selfie", "smile", "video", "wear", "woman"], "151.jpg": ["cup", "face", "laugh", "make", "mouth", "selfie", "video", "wear", "woman"], "152.jpg": ["building", "home", "house", "house exterior", "tree", "video"], "153.jpg": ["baby", "blanket", "book", "child", "face", "floor", "photo", "video"], "154.jpg": ["catch", "dark", "hand", "floor", "foot", "person"], "155.jpg": ["avatar", "dark", "floor", "person", "man", "screenshot", "stand"], "156.jpg": ["folder", "catch", "dress", "stand", "uniform", "video", "white", "woman"], "157.jpg": ["folder", "catch", "city", "stand", "video", "woman"], "158.jpg": ["carpet", "ceremony", "pillar", "person", "leader", "man", "podium", "politician", "preacher", "stair", "stand", "video", "walk", "white house"], "159.jpg": ["business suit", "ceremony", "pillar", "person", "leader", "man", "news", "podium", "politician", "stair", "stand", "video", "white house"], "160.jpg": ["building", "business suit", "pillar", "person", "leader", "speech", "man", "podium", "politician", "stair", "stand", "video", "white house"], "161.jpg": ["business suit", "pillar", "person", "speech", "man", "news", "podium", "politician", "stair", "stand", "video", "white house"], "162.jpg": ["business suit", "pillar", "person", "speech", "man", "news", "podium", "politician", "stair", "stand", "video", "white house"], "163.jpg": ["blanket", "crack", "glacier", "ice", "man", "skier", "slide", "snow", "video"], "164.jpg": ["blanket", "crack", "glacier", "ice", "man", "skier", "slide", "snow", "video"], "165.jpg": ["boat", "sea", "water", "wave", "whale"], "166.jpg": ["creek", "flow", "rapid", "river", "stream", "tree", "water"], "167.jpg": ["blanket", "glacier", "ice", "iceberg", "image", "mountain", "sea", "skier", "snow", "snowy"], "168.jpg": ["boulder", "creek", "flow", "mountain", "mountain stream", "rapid", "stone", "rocky", "stream", "water"], "169.jpg": ["cave", "floor", "flow", "hole", "landslide", "stone", "water"], "170.jpg": ["boulder", "creek", "flow", "man", "rapid", "river", "stone", "rocky", "stream", "water"], "171.jpg": ["blanket", "mountain", "river", "skier", "snow", "snowy", "video"], "172.jpg": ["catch", "city", "city skyline", "city view", "dress shirt", "man", "news", "shirt", "stand", "tie", "video", "wear"], "173.jpg": ["city", "city skyline", "city view", "dress shirt", "man", "news", "shirt", "stand", "tie", "video", "wear"], "174.jpg": ["catch", "city", "city skyline", "city view", "dress shirt", "man", "news", "shirt", "stand", "tie", "video"], "175.jpg": ["building", "food truck", "person", "man", "stand", "video"], "176.jpg": ["barrel", "bin", "brewery", "building", "container", "doorway", "food", "person", "liquid", "man", "pot", "stand", "tank", "video"], "177.jpg": ["apron", "batter", "butter", "container", "plate", "food", "person", "man", "pancake", "pot", "scoop", "stir", "video", "woman"], "178.jpg": ["apron", "container", "cook", "food", "frying pan", "person", "kitchen", "kitchenware", "liquid", "man", "mask", "pan", "pot", "stir", "video", "wear", "woman"], "179.jpg": ["catch", "smartphone", "hand", "person", "man", "phone", "text message", "video"], "180.jpg": ["bin", "bottle", "canopy", "child", "container", "girl", "green", "person", "liquid", "pink", "student", "school", "school uniform", "stand", "video", "wash", "water", "woman"], "181.jpg": ["barber", "braid", "child", "comb", "pigtail", "girl", "hair", "haircut", "head", "person", "ponytail", "school bus", "teach", "video", "woman"], "182.jpg": ["catch", "child", "plate", "eat", "food", "girl", "platter", "student", "school"], "183.jpg": ["boy", "child", "dirt field", "dirt track", "dress", "girl", "green", "person", "school", "school uniform", "stand", "uniform", "video", "wear"], "184.jpg": ["child", "hand", "girl", "smile", "video"], "185.jpg": ["blue", "boy", "building", "child", "dirt field", "dress shirt", "school", "school uniform", "shirt", "stand", "tie", "video", "wear"], "186.jpg": ["water tank", "crowd", "dirt field", "dirt track", "person", "man", "student", "school", "school uniform", "shirt", "stand", "tank", "tie", "uniform", "video", "wear", "white"], "187.jpg": ["crowd", "person", "man", "student", "school", "school uniform", "tie", "uniform", "video", "walk", "white"], "188.jpg": ["folder", "catch", "screen", "shirt", "stand", "video", "white", "woman"], "189.jpg": ["folder", "catch", "person", "man", "shirt", "stand", "video", "white", "woman"], "190.jpg": ["folder", "catch", "person", "image", "man", "news", "stand", "video", "woman"], "191.jpg": ["banana", "blade", "catch", "cheese", "cut", "dough", "hand", "hammer", "person", "man", "tool", "video"], "192.jpg": ["bulletin board", "table", "man", "sign"], "193.jpg": ["barrel", "container", "cook", "food", "frying pan", "heat", "person", "lid", "liquid", "pot", "potato", "steam", "stir"], "194.jpg": ["cup", "food", "glasses", "person", "man", "news", "stare", "video", "wear"], "195.jpg": ["apron", "catch", "doorway", "food", "person", "man", "room", "stand", "video", "yellow"], "196.jpg": ["brush", "cardboard box", "food", "person", "man", "oven", "selfie", "tool"], "197.jpg": ["baseball hat", "person", "man", "news", "video", "wear"], "198.jpg": ["cut", "table", "plate", "food", "fork", "person", "knife", "man", "paper plate", "pencil", "utensil", "video"], "199.jpg": ["class", "classroom", "table", "person", "man", "note", "pen", "student", "sit", "video", "write", "writing"], "200.jpg": ["cigarette", "table", "dinning table", "food", "person", "man", "meal", "pen", "sit", "video"], "201.jpg": ["apron", "check", "electronic", "equipment", "food", "person", "man", "stand", "tool"], "202.jpg": ["ceiling", "dress", "event", "gun", "hat", "person", "man", "stand", "stool", "uniform", "wear", "woman"], "203.jpg": ["folder", "catch", "screen", "stand", "video", "woman"], "204.jpg": ["folder", "business suit", "catch", "gun", "person", "man", "martial", "video", "woman"], "205.jpg": ["dance", "dance floor", "dress", "girl", "person", "man", "sing", "stand", "video", "woman"], "206.jpg": ["dance", "dancer", "person", "man", "martial", "video", "woman"], "207.jpg": ["dance", "dancer", "dress", "person", "man", "perform", "stage", "video", "woman"], "208.jpg": ["face", "green", "person", "man", "news", "polo shirt", "smile", "video", "wear"], "209.jpg": ["dance", "dancer", "person", "man", "shirt", "stand", "video"], "210.jpg": ["chapel", "pillar", "dark", "doorway", "person", "light", "illuminate", "room", "stage", "stand"], "211.jpg": ["cape", "person", "man", "stand", "trick", "video"], "212.jpg": ["arm", "business suit", "dance", "dancer", "dark", "hand", "person", "man", "stand", "trick"], "213.jpg": ["actor", "dance", "dress", "gun", "person", "man", "point", "sing", "stage", "stand", "woman"], "214.jpg": ["ballet", "dance", "dancer", "dress", "person", "man", "perform", "performance", "stage", "stand", "woman"], "215.jpg": ["business suit", "catch", "man", "tablet", "screen", "stand", "tie"], "216.jpg": ["business suit", "catch", "clipboard", "dress shirt", "person", "man", "news", "stand", "tie", "video", "wear"], "217.jpg": ["choir", "person", "man", "news", "sing", "stand", "tie", "video", "woman"], "218.jpg": ["dress shirt", "face", "person", "man", "mouth", "news", "stand", "tie", "video", "woman"], "219.jpg": ["business suit", "debate", "person", "speech", "man", "news", "stand", "suit", "tie", "video", "wear"], "220.jpg": ["business suit", "debate", "speech", "man", "news", "stand", "suit", "tie", "video", "wear"], "221.jpg": ["person", "man", "referee", "stand", "video", "woman"], "222.jpg": ["give", "hug", "person", "kiss", "love", "man", "share", "video", "woman"], "223.jpg": ["football game", "football player", "person", "laugh", "man", "player", "red", "referee", "shirt", "t-shirt", "uniform", "woman"], "224.jpg": ["building", "catch", "crowd", "demonstration", "person", "protest", "protester", "sign", "stand", "woman"], "225.jpg": ["assembly", "catch", "crowd", "demonstration", "person", "protest", "protester", "sign", "stand", "woman"], "226.jpg": ["dress", "football field", "football game", "football player", "person", "man", "purple", "shake", "shopping bag", "short", "tennis player", "walk", "woman"], "227.jpg": ["ball", "football field", "football game", "game", "girl", "person", "play", "player", "referee", "video", "woman"], "228.jpg": ["ball", "cheerlead", "floor", "football match", "football field", "football game", "football player", "game", "girl", "play", "player", "referee", "video", "woman"], "229.jpg": ["business suit", "catch", "clipboard", "dress shirt", "man", "news", "screen", "stand", "tie", "video"], "230.jpg": ["business suit", "catch", "clipboard", "dress shirt", "man", "news", "shirt", "stand", "tie", "video", "wear"], "231.jpg": ["boat", "clipboard", "dress shirt", "image", "man", "sea", "photo", "stand", "tie", "video", "water"], "232.jpg": ["boat", "catch", "dress shirt", "image", "man", "news", "sea", "stand", "tie", "video", "wear"], "233.jpg": ["boat", "catamaran", "sea", "race", "sail", "sailboat", "vessel", "water", "wave"], "234.jpg": ["boat", "calm", "cloudy", "fleet", "formation", "horizon", "sea", "sail", "sailboat", "sky", "vessel", "water"], "235.jpg": ["boat", "crash", "mast", "sea", "sail", "sailboat", "spray", "storm", "vessel", "water", "wave", "wind"], "236.jpg": ["boat", "catamaran", "crash", "sea", "sail", "sailboat", "vessel", "water", "wave"], "237.jpg": ["boat", "catamaran", "rowboat", "fleet", "sea", "race", "sail", "sailboat", "vessel", "water"], "238.jpg": ["boat", "catamaran", "sea", "open", "sail", "sailboat", "vessel", "water", "wave"], "239.jpg": ["boat", "catamaran", "fleet", "sea", "race", "sail", "sailboat", "vessel", "water", "wave"], "240.jpg": ["boat", "fleet", "fly", "sea", "race", "sail", "sailboat", "vessel", "water"], "241.jpg": ["boat", "calm", "sea", "open", "sail", "sailboat", "vessel", "water"], "242.jpg": ["blue", "boat", "catamaran", "rowboat", "sea", "race", "sail", "sailboat", "sailing", "vessel", "water", "wave"], "243.jpg": ["carpet", "city skyline", "city view", "dress", "screen", "stand", "stool", "woman"], "244.jpg": ["chair", "man", "screen", "stand", "stool", "television"], "245.jpg": ["chair", "footstall", "man", "screen", "stand", "stool", "television"], "246.jpg": ["dark", "night", "night view", "sky"], "247.jpg": ["building", "burn", "city", "city view", "explosion", "image", "night", "night view", "rise", "sky", "smoke", "urban"], "248.jpg": ["business suit", "debate", "deliver", "flag", "footstall", "give", "speech", "man", "podium", "politician", "stand", "suit", "tie", "wear", "white house"], "249.jpg": ["business suit", "deliver", "flag", "footstall", "give", "speech", "man", "podium", "politician", "stand", "suit", "tie", "wear", "white house"], "250.jpg": ["business suit", "debate", "deliver", "flag", "give", "speech", "man", "news", "podium", "politician", "speaker", "stand", "stool", "suit", "tie", "wear"], "251.jpg": ["business suit", "deliver", "flag", "footstall", "give", "speech", "man", "podium", "politician", "stand", "suit", "tie", "wear", "white house"], "252.jpg": ["folder", "building", "catch", "city", "city skyline", "city view", "dress", "stand", "white", "woman"], "253.jpg": ["folder", "building", "catch", "city", "city skyline", "city view", "clipboard", "dress", "shirt", "stand", "wear", "white", "woman"], "254.jpg": ["business suit", "catch", "debate", "hand", "give", "interview", "speech", "man", "microphone", "news", "speaker", "suit", "tie", "wear"], "255.jpg": ["business suit", "debate", "interview", "man", "news", "stand", "suit", "tie", "video", "wear"], "256.jpg": ["black", "table", "hand", "interview", "speech", "news", "polka dot", "video", "white", "woman"], "257.jpg": ["black", "dress", "interview", "news", "polka dot", "video", "white", "woman"], "258.jpg": ["air field", "plane", "airport runway", "parking lot", "cloudy", "raceway", "sky", "tarmac"], "259.jpg": ["blue", "building", "damage", "debris", "floor", "rubble", "stool", "video"], "260.jpg": ["brand", "building", "headquarter", "logo", "news", "office building", "sign"], "261.jpg": ["airport terminal", "building", "person", "man", "terminal", "video", "walk"], "262.jpg": ["atrium", "building", "ceiling", "pillar", "crowd", "crowded", "floor", "hall", "person", "office building", "mall", "video", "walk"], "263.jpg": ["doorway", "person", "man", "selfie", "stand", "subway"], "264.jpg": ["doorway", "elevator", "floor", "person", "image", "man", "selfie", "stand", "sweatshirt", "video"], "265.jpg": ["corridor", "door", "doorway", "elevator", "floor", "person", "hallway", "man", "room", "stand", "sweatshirt", "walk", "wear", "yellow"], "266.jpg": ["baseball hat", "door", "doorway", "elevator", "person", "man", "room", "video", "walk", "wear"], "267.jpg": ["ambulance", "arrest", "car", "person", "man", "officer", "police", "stand", "video"], "268.jpg": ["doorway", "person", "man", "room", "stand", "video"], "269.jpg": ["car", "doorway", "person", "man", "police", "stand", "video", "walk"], "270.jpg": ["chair", "city view", "man", "screen", "stand", "stool", "television"], "271.jpg": ["business suit", "businessman", "chair", "city view", "man", "screen", "stand", "stool", "television"], "272.jpg": ["man", "screen", "stand", "stool", "television", "video"]}